Nama,Jurusan,Semester,Kualitas Sistem,Penggunaan,Responsivitas,Fleksibilitas,Informasi,Kepuasan,Klasifikasi Kepuasan
-1.0059825669648745,0.16374852436231957,1.4325610144319818,-1.4245348916942888,-1.5149252684759977,-1.8607019457738,-1.4737788307066446,-1.3445441527540736,0.4523355062909473,0.0
-0.9988759733291768,-0.5720117625468711,-0.19438399169601564,-1.4245348916942888,0.5435543596305423,0.233376176249595,0.49389371002233373,0.639405441531937,0.4523355062909473,0.0
1.0620361810231478,0.3170319174684012,-0.19438399169601564,0.5994832996431025,0.5435543596305423,0.233376176249595,0.49389371002233373,0.639405441531937,0.4523355062909473,0.0
0.7990922165023343,0.9608221685139428,-0.19438399169601564,0.5994832996431025,0.5435543596305423,0.233376176249595,-1.4737788307066446,0.639405441531937,0.4523355062909473,0.0
-0.43745507610906087,0.9608221685139428,-0.19438399169601564,1.6114923953117983,1.5727941736838127,1.2804152372612927,0.49389371002233373,0.639405441531937,1.4809340548429653,1.0
0.40112297290326465,0.9608221685139428,-0.19438399169601564,0.5994832996431025,0.5435543596305423,0.233376176249595,0.49389371002233373,0.639405441531937,0.4523355062909473,0.0
0.5290416583458225,0.9301654898927266,-0.19438399169601564,0.5994832996431025,0.5435543596305423,0.233376176249595,0.49389371002233373,0.639405441531937,0.4523355062909473,0.0
-1.2902463123927812,-1.8289355860167387,1.4325610144319818,-1.4245348916942888,-1.5149252684759977,-1.8607019457738,-1.4737788307066446,0.639405441531937,0.4523355062909473,0.0
0.4935086901673341,0.9301654898927266,-0.19438399169601564,0.5994832996431025,0.5435543596305423,0.233376176249595,0.49389371002233373,0.639405441531937,0.4523355062909473,0.0
0.7209196865096597,0.9608221685139428,-0.19438399169601564,0.5994832996431025,0.5435543596305423,0.233376176249595,0.49389371002233373,0.639405441531937,0.4523355062909473,0.0
0.07421966566117176,-0.5106984053044387,-0.19438399169601564,0.5994832996431025,0.5435543596305423,1.2804152372612927,0.49389371002233373,0.639405441531937,0.4523355062909473,0.0
-0.04659242614568866,0.5929420250593477,-1.821328997824013,0.5994832996431025,-1.5149252684759977,0.233376176249595,-1.4737788307066446,-1.3445441527540736,-1.6048615908130879,0.0
0.6285339692455902,-1.3077720494560618,-1.821328997824013,0.5994832996431025,-1.5149252684759977,1.2804152372612927,-1.4737788307066446,0.639405441531937,0.4523355062909473,0.0
-1.5460836832778975,0.6542553823017802,-0.19438399169601564,0.5994832996431025,0.5435543596305423,1.2804152372612927,1.4777299803868233,0.639405441531937,0.4523355062909473,0.0
1.168635085558613,0.5622853464381311,1.4325610144319818,-1.4245348916942888,-1.5149252684759977,0.233376176249595,-1.4737788307066446,-1.3445441527540736,-1.6048615908130879,0.0
0.6640669374240782,-1.8902489432591714,-0.19438399169601564,-1.4245348916942888,-1.5149252684759977,0.233376176249595,-1.4737788307066446,-1.3445441527540736,0.4523355062909473,0.0
-1.3115660932998743,0.9301654898927266,-0.19438399169601564,-1.4245348916942888,-1.5149252684759977,1.2804152372612927,-1.4737788307066446,0.639405441531937,0.4523355062909473,0.0
1.346299926451055,0.9301654898927266,-0.19438399169601564,0.5994832996431025,1.5727941736838127,0.233376176249595,0.49389371002233373,0.639405441531937,0.4523355062909473,0.0
1.6803098273288453,-1.8289355860167387,-0.19438399169601564,-1.4245348916942888,0.5435543596305423,0.233376176249595,-1.4737788307066446,0.639405441531937,-1.6048615908130879,0.0
-0.018166051602898303,0.9608221685139428,-0.19438399169601564,0.5994832996431025,0.5435543596305423,0.233376176249595,0.49389371002233373,0.639405441531937,0.4523355062909473,0.0
1.5381779546148917,-1.5836821570470083,1.4325610144319818,0.5994832996431025,0.5435543596305423,1.2804152372612927,-1.4737788307066446,-1.3445441527540736,0.4523355062909473,0.0
-0.11055176886696798,1.0527922043775921,-0.19438399169601564,0.5994832996431025,0.5435543596305423,0.233376176249595,-1.4737788307066446,0.639405441531937,0.4523355062909473,0.0
-0.08923198795987468,0.8381954540290779,1.4325610144319818,0.5994832996431025,0.5435543596305423,0.233376176249595,-1.4737788307066446,-1.3445441527540736,0.4523355062909473,0.0
0.5148284710744272,0.9301654898927266,-0.19438399169601564,0.5994832996431025,1.5727941736838127,1.2804152372612927,0.49389371002233373,1.6313802386749423,1.4809340548429653,1.0
-1.1481144396788279,-0.17347494047105944,-0.19438399169601564,0.5994832996431025,0.5435543596305423,0.233376176249595,0.49389371002233373,0.639405441531937,0.4523355062909473,0.0
1.0051834319375668,-1.8595922646379548,-0.19438399169601564,-1.4245348916942888,0.5435543596305423,0.233376176249595,0.49389371002233373,-1.3445441527540736,0.4523355062909473,0.0
-1.7095353368989439,-0.357415012198357,1.4325610144319818,0.5994832996431025,0.5435543596305423,1.2804152372612927,0.49389371002233373,0.639405441531937,1.4809340548429653,1.0
1.5950307037004732,-1.0625186204863315,3.059506020559979,0.5994832996431025,0.5435543596305423,0.233376176249595,0.49389371002233373,0.639405441531937,0.4523355062909473,0.0
0.5645746265243109,-0.20413161909227553,-0.19438399169601564,0.5994832996431025,0.5435543596305423,0.233376176249595,1.4777299803868233,-1.3445441527540736,-1.6048615908130879,0.0
-0.949129817879293,1.267388954726106,-0.19438399169601564,0.5994832996431025,0.5435543596305423,0.233376176249595,0.49389371002233373,0.639405441531937,0.4523355062909473,0.0
0.9412240892162874,0.3170319174684012,-0.19438399169601564,0.5994832996431025,0.5435543596305423,0.233376176249595,0.49389371002233373,0.639405441531937,0.4523355062909473,0.0
-0.21715067340243294,0.9301654898927266,-0.19438399169601564,0.5994832996431025,0.5435543596305423,0.233376176249595,0.49389371002233373,-1.3445441527540736,0.4523355062909473,0.0
0.905691121037799,-0.357415012198357,-0.19438399169601564,0.5994832996431025,0.5435543596305423,1.2804152372612927,1.4777299803868233,0.639405441531937,0.4523355062909473,0.0
1.488431799165008,-1.798278907395522,-0.19438399169601564,-1.4245348916942888,-1.5149252684759977,-1.8607019457738,-1.4737788307066446,-1.3445441527540736,-1.6048615908130879,0.0
1.6021372973361707,0.19440520298353606,-1.821328997824013,0.5994832996431025,0.5435543596305423,1.2804152372612927,1.4777299803868233,0.639405441531937,0.4523355062909473,0.0
1.1970614601014036,0.9301654898927266,-0.19438399169601564,-1.4245348916942888,-1.5149252684759977,0.233376176249595,0.49389371002233373,-1.3445441527540736,0.4523355062909473,0.0
1.317873551908264,-0.9092352273802502,1.4325610144319818,0.5994832996431025,0.5435543596305423,0.233376176249595,0.49389371002233373,0.639405441531937,0.4523355062909473,0.0
-1.190754001493014,-0.357415012198357,-1.821328997824013,0.5994832996431025,0.5435543596305423,1.2804152372612927,-1.4737788307066446,0.639405441531937,0.4523355062909473,0.0
1.2681273964583804,-1.9209056218803873,1.4325610144319818,-1.4245348916942888,0.5435543596305423,0.233376176249595,0.49389371002233373,0.639405441531937,0.4523355062909473,0.0
-1.4323781851067348,-1.9209056218803873,1.4325610144319818,0.5994832996431025,0.5435543596305423,0.233376176249595,1.4777299803868233,-1.3445441527540736,0.4523355062909473,0.0
-1.3826320296568508,0.19440520298353606,1.4325610144319818,0.5994832996431025,0.5435543596305423,0.233376176249595,0.49389371002233373,-1.3445441527540736,0.4523355062909473,0.0
-1.3755254360211533,-0.4800417266832223,-0.19438399169601564,1.6114923953117983,0.5435543596305423,1.2804152372612927,1.4777299803868233,0.639405441531937,0.4523355062909473,0.0
-1.3968452169282464,-0.08150490460741038,-0.19438399169601564,0.5994832996431025,0.5435543596305423,0.233376176249595,0.49389371002233373,-1.3445441527540736,-1.6048615908130879,0.0
1.6234570782432642,0.3783452747108338,-0.19438399169601564,0.5994832996431025,0.5435543596305423,-1.8607019457738,0.49389371002233373,0.639405441531937,0.4523355062909473,0.0
-1.2333935633071997,1.0527922043775921,1.4325610144319818,0.5994832996431025,0.5435543596305423,0.233376176249595,0.49389371002233373,-1.3445441527540736,0.4523355062909473,0.0
-0.7785715706225488,0.3783452747108338,-0.19438399169601564,0.5994832996431025,0.5435543596305423,1.2804152372612927,0.49389371002233373,-1.3445441527540736,-1.6048615908130879,0.0
-0.6364396979085954,-0.5106984053044387,-0.19438399169601564,0.5994832996431025,0.5435543596305423,0.233376176249595,1.4777299803868233,0.639405441531937,0.4523355062909473,0.0
-0.7359320088083628,-0.4800417266832223,-1.821328997824013,0.5994832996431025,0.5435543596305423,0.233376176249595,0.49389371002233373,0.639405441531937,0.4523355062909473,0.0
0.820411997409427,-0.5720117625468711,-0.19438399169601564,0.5994832996431025,0.5435543596305423,1.2804152372612927,1.4777299803868233,0.639405441531937,0.4523355062909473,0.0
1.431579050079427,-0.5720117625468711,-0.19438399169601564,0.5994832996431025,1.5727941736838127,1.2804152372612927,1.4777299803868233,0.639405441531937,0.4523355062909473,0.0
-0.01105945796720028,-0.4800417266832223,-0.19438399169601564,0.5994832996431025,0.5435543596305423,0.233376176249595,0.49389371002233373,0.639405441531937,0.4523355062909473,0.0
-0.35928254611638644,0.9301654898927266,-0.19438399169601564,0.5994832996431025,0.5435543596305423,0.233376176249595,0.49389371002233373,0.639405441531937,0.4523355062909473,0.0
-1.2405001569428975,1.298045633347322,-0.19438399169601564,0.5994832996431025,0.5435543596305423,0.233376176249595,0.49389371002233373,-1.3445441527540736,0.4523355062909473,0.0
0.93411749558059,-0.357415012198357,-0.19438399169601564,0.5994832996431025,0.5435543596305423,1.2804152372612927,-1.4737788307066446,0.639405441531937,0.4523355062909473,0.0
-1.4821243405566182,0.9301654898927266,-1.821328997824013,0.5994832996431025,0.5435543596305423,0.233376176249595,1.4777299803868233,1.6313802386749423,1.4809340548429653,1.0
-0.7288254151726654,1.0221355257563753,1.4325610144319818,0.5994832996431025,1.5727941736838127,0.233376176249595,1.4777299803868233,1.6313802386749423,1.4809340548429653,1.0
-0.5866935424587116,-0.3267583335771407,1.4325610144319818,0.5994832996431025,-1.5149252684759977,0.233376176249595,0.49389371002233373,-1.3445441527540736,-1.6048615908130879,0.0
-1.368418842385456,-0.357415012198357,1.4325610144319818,0.5994832996431025,0.5435543596305423,0.233376176249595,0.49389371002233373,-1.3445441527540736,0.4523355062909473,0.0
-0.47298804428754926,0.9301654898927266,-0.19438399169601564,-1.4245348916942888,-1.5149252684759977,-1.8607019457738,-1.4737788307066446,-1.3445441527540736,-1.6048615908130879,0.0
-0.9207034433365023,0.9301654898927266,-0.19438399169601564,0.5994832996431025,0.5435543596305423,-1.8607019457738,0.49389371002233373,-1.3445441527540736,-1.6048615908130879,0.0
-0.22425726703813076,-0.44938504806200585,3.059506020559979,-1.4245348916942888,-1.5149252684759977,-1.8607019457738,-1.4737788307066446,-1.3445441527540736,0.4523355062909473,0.0
0.6356405628812877,-0.6946384770317362,-0.19438399169601564,0.5994832996431025,0.5435543596305423,0.233376176249595,0.49389371002233373,0.639405441531937,0.4523355062909473,0.0
-1.1410078460431303,1.1754189188624569,-0.19438399169601564,0.5994832996431025,0.5435543596305423,0.233376176249595,0.49389371002233373,0.639405441531937,0.4523355062909473,0.0
1.1046757428373342,-0.3267583335771407,1.4325610144319818,0.5994832996431025,-1.5149252684759977,0.233376176249595,0.49389371002233373,0.639405441531937,0.4523355062909473,0.0
1.4671120182579154,-0.6639817984105201,-1.821328997824013,0.5994832996431025,0.5435543596305423,0.233376176249595,0.49389371002233373,0.639405441531937,0.4523355062909473,0.0
-0.25979023521661876,-0.357415012198357,-0.19438399169601564,0.5994832996431025,0.5435543596305423,0.233376176249595,0.49389371002233373,0.639405441531937,0.4523355062909473,0.0
0.6995999056025666,-0.20413161909227553,-0.19438399169601564,0.5994832996431025,0.5435543596305423,0.233376176249595,0.49389371002233373,1.6313802386749423,0.4523355062909473,0.0
0.8061988101380317,-1.0931752991075476,1.4325610144319818,0.5994832996431025,0.5435543596305423,1.2804152372612927,0.49389371002233373,0.639405441531937,0.4523355062909473,0.0
-1.4963375278280138,0.9301654898927266,-0.19438399169601564,0.5994832996431025,0.5435543596305423,0.233376176249595,0.49389371002233373,0.639405441531937,0.4523355062909473,0.0
-0.9064902560651072,0.9608221685139428,-0.19438399169601564,0.5994832996431025,-1.5149252684759977,0.233376176249595,-1.4737788307066446,0.639405441531937,-1.6048615908130879,0.0
-0.13897814340975853,0.9301654898927266,-0.19438399169601564,0.5994832996431025,0.5435543596305423,0.233376176249595,0.49389371002233373,0.639405441531937,1.4809340548429653,1.0
0.10975263383966014,0.9608221685139428,-0.19438399169601564,-1.4245348916942888,-1.5149252684759977,1.2804152372612927,-1.4737788307066446,1.6313802386749423,1.4809340548429653,1.0
-0.5227341997374327,-0.6333251197893037,-0.19438399169601564,-1.4245348916942888,0.5435543596305423,-1.8607019457738,-1.4737788307066446,0.639405441531937,-1.6048615908130879,0.0
-0.08212539432417723,1.1447622402412407,0.619088511367983,-1.4245348916942888,-1.5149252684759977,-1.8607019457738,-1.4737788307066446,-1.3445441527540736,-1.6048615908130879,0.0
0.7706658419595434,-1.3077720494560618,-0.19438399169601564,-1.4245348916942888,-1.5149252684759977,0.233376176249595,0.49389371002233373,-1.3445441527540736,1.4809340548429653,1.0
-0.5156276061017353,1.0527922043775921,-0.19438399169601564,-1.4245348916942888,0.5435543596305423,0.233376176249595,-0.4899425603421555,0.639405441531937,-0.5762630422610703,1.0
-0.8354243197081301,0.9608221685139428,-0.19438399169601564,-1.4245348916942888,-1.5149252684759977,-1.8607019457738,-1.4737788307066446,-1.3445441527540736,-1.6048615908130879,0.0
0.4153361601746599,0.9608221685139428,-0.19438399169601564,0.5994832996431025,-1.5149252684759977,0.233376176249595,-1.4737788307066446,0.639405441531937,0.4523355062909473,0.0
0.7635592483238459,0.9301654898927266,-0.19438399169601564,0.5994832996431025,0.5435543596305423,0.233376176249595,1.4777299803868233,0.639405441531937,0.4523355062909473,0.0
1.076249368294543,-0.14281826184984295,-1.821328997824013,0.5994832996431025,0.5435543596305423,1.2804152372612927,0.49389371002233373,0.639405441531937,0.4523355062909473,0.0
-0.7998913515296417,0.9608221685139428,-0.19438399169601564,0.5994832996431025,0.5435543596305423,0.233376176249595,0.49389371002233373,0.639405441531937,0.4523355062909473,0.0
-1.1978605951287113,-1.7676222287743057,-0.19438399169601564,-1.4245348916942888,0.5435543596305423,0.233376176249595,-1.4737788307066446,-0.3525693556110683,0.4523355062909473,0.0
-1.169434220585921,0.9301654898927266,-0.19438399169601564,-1.4245348916942888,-1.5149252684759977,-1.8607019457738,-1.4737788307066446,-1.3445441527540736,-1.6048615908130879,0.0
-0.3166429843022002,-1.369085406698494,-0.19438399169601564,0.5994832996431025,0.5435543596305423,0.233376176249595,0.49389371002233373,0.639405441531937,0.4523355062909473,0.0
-0.053699019781386303,-0.38807169081957327,-0.19438399169601564,0.5994832996431025,0.5435543596305423,0.233376176249595,0.49389371002233373,0.639405441531937,0.4523355062909473,0.0
-1.2831397187570837,0.9301654898927266,-0.19438399169601564,-1.4245348916942888,-1.5149252684759977,-1.8607019457738,-1.4737788307066446,-1.3445441527540736,-1.6048615908130879,0.0
0.9270109019448921,0.9301654898927266,-1.821328997824013,0.5994832996431025,0.5435543596305423,0.233376176249595,0.49389371002233373,0.639405441531937,0.4523355062909473,0.0
1.403152675536636,0.6542553823017802,-0.19438399169601564,0.5994832996431025,0.5435543596305423,0.233376176249595,0.49389371002233373,0.639405441531937,0.4523355062909473,0.0
-1.0628353160504558,-1.3077720494560618,1.4325610144319818,-1.4245348916942888,-1.5149252684759977,-1.8607019457738,-1.4737788307066446,-1.3445441527540736,-1.6048615908130879,0.0
1.175741679194311,0.9301654898927266,-1.821328997824013,-1.4245348916942888,-1.5149252684759977,-1.8607019457738,-1.4737788307066446,-1.3445441527540736,-1.6048615908130879,0.0
1.6589900464217526,0.868852132650294,-0.19438399169601564,-1.4245348916942888,-1.5149252684759977,-1.8607019457738,-1.4737788307066446,-1.3445441527540736,-1.6048615908130879,0.0
-0.8780638815223163,0.6542553823017802,-0.19438399169601564,0.5994832996431025,-1.5149252684759977,1.2804152372612927,-1.4737788307066446,-1.3445441527540736,-1.6048615908130879,0.0
1.4173658628080312,0.6542553823017802,-0.19438399169601564,0.5994832996431025,-1.5149252684759977,0.233376176249595,0.49389371002233373,-1.3445441527540736,-1.6048615908130879,0.0
-0.09633858159557251,0.9608221685139428,-1.821328997824013,0.5994832996431025,0.5435543596305423,0.233376176249595,0.49389371002233373,0.639405441531937,0.4523355062909473,0.0
-1.4181649978353392,0.9301654898927266,-0.19438399169601564,0.5994832996431025,-1.5149252684759977,0.233376176249595,0.49389371002233373,0.639405441531937,0.4523355062909473,0.0
0.20213835110372963,0.9608221685139428,-1.821328997824013,0.5994832996431025,1.5727941736838127,1.2804152372612927,0.49389371002233373,0.639405441531937,-1.6048615908130879,0.0
1.54528454825059,1.2060755974836728,-0.19438399169601564,0.5994832996431025,1.5727941736838127,0.233376176249595,0.49389371002233373,0.639405441531937,1.4809340548429653,1.0
1.189954866465706,0.6542553823017802,-0.19438399169601564,0.5994832996431025,0.5435543596305423,0.233376176249595,0.49389371002233373,0.639405441531937,0.4523355062909473,0.0
0.756452654688148,0.6542553823017802,-0.19438399169601564,0.5994832996431025,-1.5149252684759977,0.233376176249595,0.49389371002233373,0.639405441531937,0.4523355062909473,0.0
-0.5014144188303398,0.9301654898927266,-0.19438399169601564,-1.4245348916942888,-1.5149252684759977,0.233376176249595,-1.4737788307066446,-1.3445441527540736,0.4523355062909473,0.0
1.2894471773654734,-1.185145334971197,3.059506020559979,0.5994832996431025,0.5435543596305423,1.2804152372612927,0.49389371002233373,0.639405441531937,0.4523355062909473,0.0
1.4742186118936131,1.0527922043775921,-0.19438399169601564,1.6114923953117983,0.5435543596305423,1.2804152372612927,0.49389371002233373,0.639405441531937,-0.5762630422610703,1.0
-1.0201957542362696,0.9301654898927266,-0.19438399169601564,0.5994832996431025,0.5435543596305423,0.233376176249595,0.49389371002233373,0.639405441531937,0.4523355062909473,0.0
-0.032379238874293385,0.9608221685139428,-1.821328997824013,0.5994832996431025,0.5435543596305423,0.233376176249595,0.49389371002233373,0.639405441531937,0.4523355062909473,0.0
1.3676197073581475,1.2060755974836728,-1.821328997824013,0.5994832996431025,-1.5149252684759977,0.233376176249595,-1.4737788307066446,-1.3445441527540736,-1.6048615908130879,0.0
0.6782801246954738,-0.3267583335771407,1.4325610144319818,0.5994832996431025,0.5435543596305423,0.233376176249595,0.49389371002233373,0.639405441531937,0.4523355062909473,0.0
0.5574680328886135,0.9301654898927266,-1.821328997824013,0.5994832996431025,0.5435543596305423,0.233376176249595,0.49389371002233373,0.639405441531937,0.4523355062909473,0.0
1.3249801455439618,0.9608221685139428,-1.821328997824013,0.5994832996431025,0.5435543596305423,0.233376176249595,-1.4737788307066446,-1.3445441527540736,0.4523355062909473,0.0
-0.6080133233658049,0.9301654898927266,-0.19438399169601564,0.5994832996431025,0.5435543596305423,0.233376176249595,0.49389371002233373,0.639405441531937,0.4523355062909473,0.0
0.052899884754078655,-0.4800417266832223,-0.19438399169601564,1.6114923953117983,0.5435543596305423,-0.8136628847621025,0.49389371002233373,1.6313802386749423,1.4809340548429653,1.0
-0.20293748613103746,0.3783452747108338,1.4325610144319818,0.5994832996431025,-1.5149252684759977,0.233376176249595,0.49389371002233373,-1.3445441527540736,-1.6048615908130879,0.0
-0.6648660724513861,0.8075387754078615,-0.19438399169601564,0.5994832996431025,0.5435543596305423,0.233376176249595,0.49389371002233373,-1.3445441527540736,0.4523355062909473,0.0
0.42244275381035773,0.9301654898927266,-0.19438399169601564,0.5994832996431025,0.5435543596305423,0.233376176249595,0.49389371002233373,0.639405441531937,0.4523355062909473,0.0
-0.7430386024440605,0.9608221685139428,-0.19438399169601564,0.5994832996431025,-1.5149252684759977,1.2804152372612927,-1.4737788307066446,-1.3445441527540736,0.4523355062909473,0.0
-0.4090287015662699,-1.553025478425792,-0.19438399169601564,0.5994832996431025,0.5435543596305423,0.233376176249595,0.49389371002233373,0.639405441531937,0.4523355062909473,0.0
-0.7643583833511538,0.9301654898927266,-0.19438399169601564,0.5994832996431025,0.5435543596305423,0.233376176249595,1.4777299803868233,0.639405441531937,0.4523355062909473,0.0
1.1117823364730315,0.3783452747108338,-0.19438399169601564,0.5994832996431025,0.5435543596305423,-0.8136628847621025,0.49389371002233373,0.639405441531937,0.4523355062909473,0.0
-0.5085210124660372,0.7155687395442127,-0.19438399169601564,-1.4245348916942888,-1.5149252684759977,-1.8607019457738,-1.4737788307066446,-1.3445441527540736,-1.6048615908130879,0.0
1.0833559619302409,-1.3077720494560618,-0.19438399169601564,0.5994832996431025,0.5435543596305423,1.2804152372612927,0.49389371002233373,0.639405441531937,0.4523355062909473,0.0
-1.6242562132705716,1.1447622402412407,-0.19438399169601564,0.5994832996431025,0.5435543596305423,1.2804152372612927,1.4777299803868233,0.639405441531937,1.4809340548429653,1.0
0.6143207819741946,-1.3077720494560618,-0.19438399169601564,-1.4245348916942888,-1.5149252684759977,0.233376176249595,0.49389371002233373,-1.3445441527540736,0.4523355062909473,0.0
1.531071360979194,-1.3077720494560618,-0.19438399169601564,0.5994832996431025,-1.5149252684759977,-1.8607019457738,0.49389371002233373,-1.3445441527540736,0.4523355062909473,0.0
0.2732042874607064,-1.185145334971197,-0.19438399169601564,0.5994832996431025,0.5435543596305423,0.233376176249595,0.49389371002233373,0.639405441531937,0.4523355062909473,0.0
1.4813252055293107,-1.2771153708348457,-0.19438399169601564,-1.4245348916942888,0.5435543596305423,-1.8607019457738,-1.4737788307066446,-1.3445441527540736,-1.6048615908130879,0.0
1.4600054246222172,-1.2771153708348457,-0.19438399169601564,-1.4245348916942888,-1.5149252684759977,-1.8607019457738,-1.4737788307066446,-1.3445441527540736,-1.6048615908130879,0.0
-1.2191803760358044,0.5316286678169151,-0.19438399169601564,0.5994832996431025,0.5435543596305423,1.2804152372612927,-1.4737788307066446,0.639405441531937,-1.6048615908130879,0.0
-0.3663891397520841,-2.012875657744036,-0.19438399169601564,0.5994832996431025,0.5435543596305423,0.233376176249595,1.4777299803868233,1.6313802386749423,1.4809340548429653,1.0
-1.7024287432632461,0.22506188160475216,-0.19438399169601564,0.5994832996431025,0.5435543596305423,0.233376176249595,1.4777299803868233,0.639405441531937,0.4523355062909473,0.0
0.47929550289593886,0.868852132650294,-0.19438399169601564,1.6114923953117983,0.5435543596305423,1.2804152372612927,0.49389371002233373,0.639405441531937,0.4523355062909473,0.0
0.735132873781055,0.2557185602259686,-0.19438399169601564,0.5994832996431025,0.5435543596305423,0.233376176249595,0.49389371002233373,-1.3445441527540736,-1.6048615908130879,0.0
-0.5724803551873165,-1.8289355860167387,-0.19438399169601564,0.5994832996431025,0.5435543596305423,0.233376176249595,0.49389371002233373,0.639405441531937,0.4523355062909473,0.0
-0.6222265106372,-1.2771153708348457,-0.19438399169601564,0.5994832996431025,0.5435543596305423,0.233376176249595,0.49389371002233373,0.639405441531937,0.4523355062909473,0.0
-1.1267946587717346,-0.5720117625468711,-0.19438399169601564,0.5994832996431025,0.5435543596305423,1.2804152372612927,1.4777299803868233,1.6313802386749423,0.4523355062909473,0.0
0.820411997409427,-0.5720117625468711,-0.19438399169601564,0.5994832996431025,0.5435543596305423,0.233376176249595,0.49389371002233373,0.639405441531937,0.4523355062909473,0.0
1.57371092279338,0.13309184574110347,-0.19438399169601564,0.5994832996431025,0.5435543596305423,0.233376176249595,0.49389371002233373,0.639405441531937,0.4523355062909473,0.0
-0.3308561715735957,-0.9705485846226826,3.059506020559979,0.5994832996431025,-1.5149252684759977,0.233376176249595,-1.4737788307066446,0.639405441531937,-1.6048615908130879,0.0
-1.5674034641849905,-1.8289355860167387,-1.821328997824013,0.5994832996431025,0.5435543596305423,0.233376176249595,0.49389371002233373,0.639405441531937,0.4523355062909473,0.0
0.8701581528593106,0.9301654898927266,-0.19438399169601564,1.6114923953117983,0.5435543596305423,-0.8136628847621025,0.49389371002233373,-1.3445441527540736,1.4809340548429653,1.0
0.3371636301819857,0.9608221685139428,-0.19438399169601564,-0.4125257960255931,-0.4856854544227277,1.2804152372612927,-1.4737788307066446,-1.3445441527540736,0.4523355062909473,0.0
-0.41613529520196757,-1.185145334971197,-0.19438399169601564,-1.4245348916942888,-1.5149252684759977,-1.8607019457738,-1.4737788307066446,-1.3445441527540736,-1.6048615908130879,0.0
1.1828482728300083,-0.17347494047105944,-0.19438399169601564,0.5994832996431025,-1.5149252684759977,0.233376176249595,0.49389371002233373,0.639405441531937,0.4523355062909473,0.0
-1.6100430259991765,0.6542553823017802,-0.19438399169601564,0.5994832996431025,0.5435543596305423,0.233376176249595,0.49389371002233373,0.639405441531937,0.4523355062909473,0.0
0.06711307202547392,-1.3077720494560618,-0.19438399169601564,-1.4245348916942888,-1.5149252684759977,-1.8607019457738,-1.4737788307066446,-1.3445441527540736,-1.6048615908130879,0.0
-1.3897386232925486,-0.6333251197893037,-0.19438399169601564,-0.4125257960255931,0.5435543596305423,1.2804152372612927,-1.4737788307066446,-1.3445441527540736,1.4809340548429653,1.0
-0.39481551429487466,0.9301654898927266,-0.19438399169601564,0.5994832996431025,0.5435543596305423,0.233376176249595,0.49389371002233373,-1.3445441527540736,0.4523355062909473,0.0
-0.06080561341708413,0.9301654898927266,-0.19438399169601564,0.5994832996431025,0.5435543596305423,0.233376176249595,0.49389371002233373,0.639405441531937,0.4523355062909473,0.0
0.8630515592236132,0.9301654898927266,-0.19438399169601564,0.5994832996431025,-1.5149252684759977,0.233376176249595,-1.4737788307066446,0.639405441531937,0.4523355062909473,0.0
0.060006478389776484,0.9301654898927266,-0.19438399169601564,0.5994832996431025,0.5435543596305423,0.233376176249595,0.49389371002233373,0.639405441531937,0.4523355062909473,0.0
-1.5887232450920834,0.9301654898927266,-0.19438399169601564,0.5994832996431025,-1.5149252684759977,-1.8607019457738,0.49389371002233373,0.639405441531937,0.4523355062909473,0.0
0.6569603437883808,-0.5720117625468711,-0.19438399169601564,0.5994832996431025,-1.5149252684759977,-1.8607019457738,-1.4737788307066446,-1.3445441527540736,0.4523355062909473,0.0
-0.45166826338045596,0.04112180987745442,-0.19438399169601564,0.5994832996431025,-1.5149252684759977,1.2804152372612927,0.49389371002233373,-1.3445441527540736,0.4523355062909473,0.0
0.28741747473210166,-1.0625186204863315,1.4325610144319818,1.6114923953117983,0.5435543596305423,1.2804152372612927,1.4777299803868233,1.6313802386749423,1.4809340548429653,1.0
1.410259269172334,-0.20413161909227553,-1.821328997824013,-1.4245348916942888,-1.5149252684759977,0.233376176249595,-1.4737788307066446,-1.3445441527540736,-1.6048615908130879,0.0
1.5523911418862875,0.9301654898927266,-0.19438399169601564,0.5994832996431025,0.5435543596305423,0.233376176249595,0.49389371002233373,0.639405441531937,0.4523355062909473,0.0
1.4955383928007062,0.40900195333204986,-0.19438399169601564,0.5994832996431025,0.5435543596305423,0.233376176249595,0.49389371002233373,0.639405441531937,1.4809340548429653,1.0
-1.318672686935572,1.0221355257563753,-0.19438399169601564,0.5994832996431025,0.5435543596305423,0.233376176249595,0.49389371002233373,0.639405441531937,0.4523355062909473,0.0
-0.7075056342655722,-1.0625186204863315,-1.821328997824013,-1.4245348916942888,-1.5149252684759977,-1.8607019457738,-1.4737788307066446,-1.3445441527540736,-1.6048615908130879,0.0
0.18792516383233435,-0.3267583335771407,-0.19438399169601564,0.5994832996431025,0.5435543596305423,0.233376176249595,0.49389371002233373,0.639405441531937,0.4523355062909473,0.0
-1.7237485241703392,1.1447622402412407,-0.19438399169601564,0.5994832996431025,-1.5149252684759977,0.233376176249595,0.49389371002233373,0.639405441531937,0.4523355062909473,0.0
-0.8638506942509211,-1.3077720494560618,-0.19438399169601564,0.5994832996431025,1.5727941736838127,1.2804152372612927,0.49389371002233373,0.639405441531937,-1.6048615908130879,0.0
-1.5247639023708044,-1.0318619418651152,3.059506020559979,0.5994832996431025,0.5435543596305423,0.233376176249595,0.49389371002233373,0.639405441531937,0.4523355062909473,0.0
1.3391933328153571,0.22506188160475216,4.686451026687976,0.5994832996431025,0.5435543596305423,0.233376176249595,0.49389371002233373,0.639405441531937,0.4523355062909473,0.0
0.9127977146734969,0.9301654898927266,-0.19438399169601564,0.5994832996431025,0.5435543596305423,0.233376176249595,0.49389371002233373,0.639405441531937,0.4523355062909473,0.0
0.08132625929686921,-0.17347494047105944,-0.19438399169601564,0.5994832996431025,0.5435543596305423,0.233376176249595,0.49389371002233373,0.639405441531937,0.4523355062909473,0.0
-0.9846627860577813,-1.7369655501530896,-1.821328997824013,0.5994832996431025,1.5727941736838127,0.233376176249595,0.49389371002233373,0.639405441531937,0.4523355062909473,0.0
-0.1318715497740607,0.9608221685139428,-0.19438399169601564,0.5994832996431025,0.5435543596305423,-1.8607019457738,0.49389371002233373,0.639405441531937,0.4523355062909473,0.0
0.9767570573947758,0.9608221685139428,-0.19438399169601564,-1.4245348916942888,0.5435543596305423,1.2804152372612927,0.49389371002233373,0.639405441531937,0.4523355062909473,0.0
-1.4536979660138276,0.9301654898927266,-0.19438399169601564,0.5994832996431025,0.5435543596305423,1.2804152372612927,0.49389371002233373,0.639405441531937,1.4809340548429653,1.0
-0.6577594788156884,0.9301654898927266,-0.19438399169601564,0.5994832996431025,0.5435543596305423,0.233376176249595,0.49389371002233373,-1.3445441527540736,0.4523355062909473,0.0
0.20924494473942745,1.2060755974836728,-0.19438399169601564,-1.4245348916942888,0.5435543596305423,0.233376176249595,0.49389371002233373,-1.3445441527540736,0.4523355062909473,0.0
0.8417317783165201,0.9301654898927266,-0.19438399169601564,-1.4245348916942888,-1.5149252684759977,-1.8607019457738,-1.4737788307066446,-1.3445441527540736,-1.6048615908130879,0.0
-0.5511605742802232,1.1754189188624569,-0.19438399169601564,-0.4125257960255931,-1.5149252684759977,0.233376176249595,0.49389371002233373,-1.3445441527540736,0.4523355062909473,0.0
0.5361482519815204,0.9301654898927266,-0.19438399169601564,0.5994832996431025,0.5435543596305423,0.233376176249595,0.49389371002233373,0.639405441531937,0.4523355062909473,0.0
-0.7714649769868512,0.9301654898927266,-0.19438399169601564,0.5994832996431025,0.5435543596305423,0.233376176249595,0.49389371002233373,0.639405441531937,0.4523355062909473,0.0
-0.2100440797667353,0.9301654898927266,-0.19438399169601564,0.5994832996431025,0.5435543596305423,0.233376176249595,0.49389371002233373,0.639405441531937,0.4523355062909473,0.0
0.010260322939892826,0.9301654898927266,-0.19438399169601564,0.5994832996431025,-1.5149252684759977,0.233376176249595,0.49389371002233373,-1.3445441527540736,0.4523355062909473,0.0
0.7280262801453575,0.9608221685139428,-0.19438399169601564,0.5994832996431025,0.5435543596305423,0.233376176249595,0.49389371002233373,0.639405441531937,0.4523355062909473,0.0
0.9199043083091947,0.9301654898927266,-0.19438399169601564,-1.4245348916942888,0.5435543596305423,0.233376176249595,-1.4737788307066446,0.639405441531937,0.4523355062909473,0.0
0.46508231562454355,1.2060755974836728,-0.19438399169601564,0.5994832996431025,0.5435543596305423,0.233376176249595,0.49389371002233373,-1.3445441527540736,-1.6048615908130879,0.0
-0.8283177260724327,-1.2771153708348457,-0.19438399169601564,-1.4245348916942888,0.5435543596305423,0.233376176249595,-1.4737788307066446,0.639405441531937,0.4523355062909473,0.0
0.8772647464950085,1.2060755974836728,-0.19438399169601564,0.5994832996431025,-1.5149252684759977,0.233376176249595,0.49389371002233373,0.639405441531937,-1.6048615908130879,0.0
1.5808175164290776,1.2060755974836728,-0.19438399169601564,1.6114923953117983,0.5435543596305423,0.233376176249595,0.49389371002233373,0.639405441531937,0.4523355062909473,0.0
-1.119688065136037,0.9608221685139428,-0.19438399169601564,-1.4245348916942888,-1.5149252684759977,-1.8607019457738,-1.4737788307066446,-1.3445441527540736,-1.6048615908130879,0.0
-0.18872429885964237,0.9608221685139428,-0.19438399169601564,0.5994832996431025,-1.5149252684759977,0.233376176249595,0.49389371002233373,0.639405441531937,0.4523355062909473,0.0
1.6021372973361707,-1.3997420853197107,-0.19438399169601564,0.5994832996431025,-1.5149252684759977,0.233376176249595,1.4777299803868233,0.639405441531937,0.4523355062909473,0.0
0.13107241474675324,1.1754189188624569,-0.19438399169601564,0.5994832996431025,0.5435543596305423,0.233376176249595,0.49389371002233373,-1.3445441527540736,1.4809340548429653,1.0
1.3960460819009386,0.9608221685139428,-0.19438399169601564,0.5994832996431025,0.5435543596305423,0.233376176249595,-1.4737788307066446,0.639405441531937,-1.6048615908130879,0.0
-0.6790792597227815,0.9608221685139428,-0.19438399169601564,-1.4245348916942888,0.5435543596305423,0.233376176249595,0.49389371002233373,0.639405441531937,1.4809340548429653,1.0
1.4386856437151243,-1.2771153708348457,-0.19438399169601564,0.5994832996431025,0.5435543596305423,0.233376176249595,0.49389371002233373,0.639405441531937,0.4523355062909473,0.0
-1.2049671887644093,0.9301654898927266,-0.19438399169601564,0.5994832996431025,0.5435543596305423,0.233376176249595,0.49389371002233373,0.639405441531937,0.4523355062909473,0.0
-0.7217188215369678,0.9301654898927266,-0.19438399169601564,-1.4245348916942888,-1.5149252684759977,0.233376176249595,0.49389371002233373,0.639405441531937,0.4523355062909473,0.0
0.585894407431404,-1.3077720494560618,-0.19438399169601564,0.5994832996431025,0.5435543596305423,0.233376176249595,0.49389371002233373,0.639405441531937,0.4523355062909473,0.0
-0.6932924469941768,0.9608221685139428,-0.19438399169601564,-1.4245348916942888,-1.5149252684759977,-1.8607019457738,-1.4737788307066446,-1.3445441527540736,-1.6048615908130879,0.0
1.2468076155512875,0.9301654898927266,-0.19438399169601564,0.5994832996431025,0.5435543596305423,-1.8607019457738,0.49389371002233373,0.639405441531937,0.4523355062909473,0.0
-0.6293331042728977,0.868852132650294,-0.19438399169601564,0.5994832996431025,0.5435543596305423,1.2804152372612927,-1.4737788307066446,0.639405441531937,0.4523355062909473,0.0
-0.003952864331502833,-0.4800417266832223,-1.821328997824013,0.5994832996431025,0.5435543596305423,-1.8607019457738,-1.4737788307066446,0.639405441531937,-1.6048615908130879,0.0
1.1473153046515199,0.9301654898927266,-0.19438399169601564,-1.4245348916942888,-1.5149252684759977,-1.8607019457738,0.49389371002233373,0.639405441531937,0.4523355062909473,0.0
-0.49430782519464195,0.9608221685139428,-0.19438399169601564,-1.4245348916942888,0.5435543596305423,1.2804152372612927,-0.4899425603421555,-1.3445441527540736,-1.6048615908130879,0.0
-1.6668957750847577,-1.798278907395522,1.4325610144319818,-1.4245348916942888,-1.5149252684759977,0.233376176249595,-1.4737788307066446,-1.3445441527540736,0.4523355062909473,0.0
1.2610208028226828,0.3170319174684012,1.4325610144319818,-1.4245348916942888,0.5435543596305423,-1.8607019457738,-1.4737788307066446,0.639405441531937,-1.6048615908130879,0.0
0.3158438492748926,1.1447622402412407,-0.19438399169601564,0.5994832996431025,1.5727941736838127,1.2804152372612927,0.49389371002233373,1.6313802386749423,1.4809340548429653,1.0
0.3087372556391948,1.2060755974836728,-0.19438399169601564,-1.4245348916942888,-1.5149252684759977,-1.8607019457738,-1.4737788307066446,-1.3445441527540736,-1.6048615908130879,0.0
0.024473510211288102,-0.2654449763347081,-0.19438399169601564,-1.4245348916942888,-1.5149252684759977,0.233376176249595,-1.4737788307066446,-1.3445441527540736,-1.6048615908130879,0.0
-0.7572517897154557,-0.234788297713492,-0.19438399169601564,0.5994832996431025,0.5435543596305423,0.233376176249595,0.49389371002233373,-1.3445441527540736,0.4523355062909473,0.0
-1.2618199378499904,-0.234788297713492,-0.19438399169601564,-1.4245348916942888,0.5435543596305423,0.233376176249595,-1.4737788307066446,-1.3445441527540736,-1.6048615908130879,0.0
-1.6171496196348742,0.5009719891956985,3.059506020559979,0.5994832996431025,0.5435543596305423,0.233376176249595,0.49389371002233373,-1.3445441527540736,0.4523355062909473,0.0
1.1188889301087293,0.2557185602259686,-0.19438399169601564,-1.4245348916942888,-1.5149252684759977,-1.8607019457738,-1.4737788307066446,-1.3445441527540736,-1.6048615908130879,0.0
0.7777724355952412,0.3170319174684012,1.4325610144319818,1.6114923953117983,1.5727941736838127,0.233376176249595,1.4777299803868233,1.6313802386749423,1.4809340548429653,1.0
1.2112746473727993,0.2557185602259686,-0.19438399169601564,-1.4245348916942888,-1.5149252684759977,-1.8607019457738,-1.4737788307066446,-1.3445441527540736,-1.6048615908130879,0.0
-0.6009067297301072,0.7155687395442127,-0.19438399169601564,0.5994832996431025,-1.5149252684759977,0.233376176249595,0.49389371002233373,0.639405441531937,0.4523355062909473,0.0
1.4457922373508223,1.0834488829988076,-0.19438399169601564,-1.4245348916942888,-1.5149252684759977,-1.8607019457738,-1.4737788307066446,-1.3445441527540736,-1.6048615908130879,0.0
-0.842530913343828,-1.3077720494560618,-0.19438399169601564,0.5994832996431025,0.5435543596305423,0.233376176249595,-1.4737788307066446,0.639405441531937,0.4523355062909473,0.0
1.6447768591503569,-1.123831977728764,-0.19438399169601564,0.5994832996431025,0.5435543596305423,0.233376176249595,0.49389371002233373,0.639405441531937,0.4523355062909473,0.0
0.6711735310597761,0.9301654898927266,-0.19438399169601564,0.5994832996431025,0.5435543596305423,0.233376176249595,0.49389371002233373,0.639405441531937,0.4523355062909473,0.0
-0.48009463792324686,-1.3077720494560618,-1.821328997824013,0.5994832996431025,0.5435543596305423,0.233376176249595,0.49389371002233373,0.639405441531937,0.4523355062909473,0.0
-0.4232418888376654,0.102435167119887,-0.19438399169601564,0.5994832996431025,-1.5149252684759977,0.233376176249595,0.49389371002233373,0.639405441531937,0.4523355062909473,0.0
0.9696504637590784,0.2557185602259686,-1.821328997824013,0.5994832996431025,0.5435543596305423,0.233376176249595,0.49389371002233373,0.639405441531937,0.4523355062909473,0.0
0.4864020965316367,-0.8785785487590339,-0.19438399169601564,1.6114923953117983,0.5435543596305423,0.233376176249595,0.49389371002233373,0.639405441531937,0.4523355062909473,0.0
-0.039485832509991214,-1.8289355860167387,-0.19438399169601564,0.5994832996431025,0.5435543596305423,0.233376176249595,0.49389371002233373,0.639405441531937,0.4523355062909473,0.0
1.2752339900940781,0.9301654898927266,-0.19438399169601564,-1.4245348916942888,0.5435543596305423,0.233376176249595,0.49389371002233373,-1.3445441527540736,-1.6048615908130879,0.0
0.6427471565169854,0.9608221685139428,-0.19438399169601564,0.5994832996431025,0.5435543596305423,1.2804152372612927,1.4777299803868233,0.639405441531937,1.4809340548429653,1.0
0.34427022381768313,0.9608221685139428,-0.19438399169601564,0.5994832996431025,0.5435543596305423,0.233376176249595,0.49389371002233373,0.639405441531937,0.4523355062909473,0.0
0.2945240683677995,0.9301654898927266,-0.19438399169601564,0.5994832996431025,0.5435543596305423,1.2804152372612927,1.4777299803868233,0.639405441531937,0.4523355062909473,0.0
1.6305636718789616,1.1754189188624569,-0.19438399169601564,-1.4245348916942888,0.5435543596305423,0.233376176249595,-1.4737788307066446,-1.3445441527540736,0.4523355062909473,0.0
-0.5582671679159211,0.7155687395442127,-0.19438399169601564,0.5994832996431025,0.5435543596305423,0.233376176249595,0.49389371002233373,0.639405441531937,0.4523355062909473,0.0
-1.6811089623561533,1.1447622402412407,-0.19438399169601564,1.6114923953117983,1.5727941736838127,0.233376176249595,1.4777299803868233,1.6313802386749423,0.4523355062909473,0.0
-1.4394847787424325,0.9301654898927266,-0.19438399169601564,0.5994832996431025,-1.5149252684759977,0.233376176249595,0.49389371002233373,0.639405441531937,0.4523355062909473,0.0
-0.9349166306078979,0.9301654898927266,-0.19438399169601564,0.5994832996431025,0.5435543596305423,1.2804152372612927,1.4777299803868233,1.6313802386749423,1.4809340548429653,1.0
0.43665594108175304,0.9301654898927266,-0.19438399169601564,-1.4245348916942888,-1.5149252684759977,-1.8607019457738,-1.4737788307066446,-1.3445441527540736,-1.6048615908130879,0.0
1.5594977355219848,-0.020191547364978163,-0.19438399169601564,-1.4245348916942888,-1.5149252684759977,0.233376176249595,-1.4737788307066446,0.639405441531937,0.4523355062909473,0.0
-0.9278100369722,1.1447622402412407,-0.19438399169601564,1.6114923953117983,1.5727941736838127,1.2804152372612927,1.4777299803868233,1.6313802386749423,0.4523355062909473,0.0
-1.2973529060284792,1.1447622402412407,-0.19438399169601564,1.6114923953117983,0.5435543596305423,0.233376176249595,0.49389371002233373,1.6313802386749423,0.4523355062909473,0.0
1.2965537710011712,0.34768859608961733,-0.19438399169601564,1.6114923953117983,1.5727941736838127,1.2804152372612927,1.4777299803868233,1.6313802386749423,1.4809340548429653,1.0
-0.39481551429487466,1.1754189188624569,-0.19438399169601564,0.5994832996431025,0.5435543596305423,0.233376176249595,0.49389371002233373,0.639405441531937,0.4523355062909473,0.0
-1.1552210333145256,0.9608221685139428,-0.19438399169601564,0.5994832996431025,0.5435543596305423,0.233376176249595,0.49389371002233373,0.639405441531937,0.4523355062909473,0.0
1.0904625555659389,0.9608221685139428,-0.19438399169601564,0.5994832996431025,0.5435543596305423,0.233376176249595,0.49389371002233373,0.639405441531937,0.4523355062909473,0.0
1.0336098064803574,-0.020191547364978163,-0.19438399169601564,0.5994832996431025,-1.5149252684759977,0.233376176249595,0.49389371002233373,1.6313802386749423,0.4523355062909473,0.0
-0.5369473870088282,0.5009719891956985,-0.19438399169601564,0.5994832996431025,0.5435543596305423,0.233376176249595,0.49389371002233373,0.639405441531937,0.4523355062909473,0.0
-0.17451111158824692,-0.8479218701378176,-0.19438399169601564,-1.4245348916942888,-1.5149252684759977,-1.8607019457738,-1.4737788307066446,-1.3445441527540736,-1.6048615908130879,0.0
0.6214273756098924,-2.012875657744036,1.4325610144319818,1.6114923953117983,0.5435543596305423,0.233376176249595,1.4777299803868233,0.639405441531937,0.4523355062909473,0.0
-0.8567441006152234,-0.8479218701378176,-0.19438399169601564,0.5994832996431025,0.5435543596305423,0.233376176249595,-1.4737788307066446,-1.3445441527540736,0.4523355062909473,0.0
1.6163504846075667,-0.8479218701378176,-0.19438399169601564,0.5994832996431025,0.5435543596305423,1.2804152372612927,0.49389371002233373,-1.3445441527540736,-1.6048615908130879,0.0
1.3747263009938455,0.3783452747108338,-0.19438399169601564,0.5994832996431025,0.5435543596305423,0.233376176249595,1.4777299803868233,0.639405441531937,-1.6048615908130879,0.0
0.7422394674167528,-1.644995514289441,-0.19438399169601564,0.5994832996431025,0.5435543596305423,0.233376176249595,0.49389371002233373,-1.3445441527540736,0.4523355062909473,0.0
-1.0557287224147578,-1.98221897912282,-0.19438399169601564,-1.4245348916942888,0.5435543596305423,0.233376176249595,1.4777299803868233,0.639405441531937,0.4523355062909473,0.0
-0.9917693796934789,-1.8289355860167387,-0.19438399169601564,0.5994832996431025,-1.5149252684759977,1.2804152372612927,0.49389371002233373,1.6313802386749423,1.4809340548429653,1.0
-1.1125814715003395,-1.8289355860167387,1.4325610144319818,0.5994832996431025,0.5435543596305423,0.233376176249595,1.4777299803868233,0.639405441531937,1.4809340548429653,1.0
-1.0486221287790607,-1.8289355860167387,1.4325610144319818,1.6114923953117983,0.5435543596305423,1.2804152372612927,0.49389371002233373,0.639405441531937,0.4523355062909473,0.0
0.351376817453381,0.6235987036805637,1.4325610144319818,0.5994832996431025,0.5435543596305423,1.2804152372612927,0.49389371002233373,0.639405441531937,0.4523355062909473,0.0
-1.2689265314856881,-0.2654449763347081,-0.19438399169601564,0.5994832996431025,0.5435543596305423,1.2804152372612927,-1.4737788307066446,0.639405441531937,0.4523355062909473,0.0
-0.19583089249533983,0.9914788471351592,-0.19438399169601564,-1.4245348916942888,0.5435543596305423,0.233376176249595,0.49389371002233373,0.639405441531937,0.4523355062909473,0.0
-0.43034848247336305,-0.8479218701378176,-0.19438399169601564,1.6114923953117983,0.5435543596305423,1.2804152372612927,0.49389371002233373,0.639405441531937,0.4523355062909473,0.0
-1.602936432363479,-1.0625186204863315,1.4325610144319818,0.5994832996431025,0.5435543596305423,0.233376176249595,0.49389371002233373,0.639405441531937,1.4809340548429653,1.0
0.8559449655879154,0.9914788471351592,-0.19438399169601564,0.5994832996431025,0.5435543596305423,0.233376176249595,0.49389371002233373,0.639405441531937,0.4523355062909473,0.0
0.8914779337664038,1.1447622402412407,-0.19438399169601564,1.6114923953117983,0.5435543596305423,1.2804152372612927,1.4777299803868233,0.639405441531937,0.4523355062909473,0.0
0.017366916575590273,-1.0625186204863315,-0.19438399169601564,0.5994832996431025,0.5435543596305423,0.233376176249595,0.49389371002233373,0.639405441531937,0.4523355062909473,0.0
-1.5034441214637115,0.9914788471351592,-0.19438399169601564,0.5994832996431025,0.5435543596305423,0.233376176249595,0.49389371002233373,0.639405441531937,0.4523355062909473,0.0
1.2183812410084967,1.1447622402412407,-0.19438399169601564,0.5994832996431025,0.5435543596305423,0.233376176249595,0.49389371002233373,0.639405441531937,0.4523355062909473,0.0
-1.574510057820688,-1.9515623005016038,-0.19438399169601564,0.5994832996431025,-1.5149252684759977,1.2804152372612927,0.49389371002233373,-1.3445441527540736,-1.6048615908130879,0.0
1.5097515800721009,-0.8479218701378176,1.4325610144319818,0.5994832996431025,0.5435543596305423,0.233376176249595,0.49389371002233373,-1.3445441527540736,0.4523355062909473,0.0
1.2397010219155897,-0.05084822598619427,-0.19438399169601564,0.5994832996431025,1.5727941736838127,1.2804152372612927,1.4777299803868233,0.639405441531937,0.4523355062909473,0.0
1.3605131137224502,-1.9515623005016038,-0.19438399169601564,0.5994832996431025,-1.5149252684759977,0.233376176249595,0.49389371002233373,0.639405441531937,0.4523355062909473,0.0
0.649853750152683,-0.8479218701378176,-0.19438399169601564,0.5994832996431025,0.5435543596305423,0.233376176249595,0.49389371002233373,0.639405441531937,0.4523355062909473,0.0
-0.4445616697447583,-1.3077720494560618,-1.821328997824013,0.5994832996431025,0.5435543596305423,0.233376176249595,0.49389371002233373,0.639405441531937,0.4523355062909473,0.0
1.232594428279892,-0.5106984053044387,-0.19438399169601564,-1.4245348916942888,0.5435543596305423,-1.8607019457738,-1.4737788307066446,0.639405441531937,0.4523355062909473,0.0
0.7777724355952412,-0.5106984053044387,-0.19438399169601564,0.5994832996431025,0.5435543596305423,0.233376176249595,0.49389371002233373,0.639405441531937,0.4523355062909473,0.0
1.0549295873874505,-0.5106984053044387,-0.19438399169601564,0.5994832996431025,0.5435543596305423,0.233376176249595,0.49389371002233373,0.639405441531937,0.4523355062909473,0.0
0.4295493474460552,-1.98221897912282,-1.821328997824013,0.5994832996431025,0.5435543596305423,0.233376176249595,0.49389371002233373,0.639405441531937,0.4523355062909473,0.0
0.7848790292309387,0.16374852436231957,-0.19438399169601564,1.6114923953117983,0.5435543596305423,0.233376176249595,-1.4737788307066446,-1.3445441527540736,0.4523355062909473,0.0
1.3889394882652404,-1.98221897912282,-1.821328997824013,0.5994832996431025,1.5727941736838127,0.233376176249595,0.49389371002233373,-1.3445441527540736,-1.6048615908130879,0.0
1.3320867391796596,0.28637523884718474,-1.821328997824013,-1.4245348916942888,0.5435543596305423,0.233376176249595,-1.4737788307066446,0.639405441531937,0.4523355062909473,0.0
-1.553190276913595,-1.8289355860167387,1.4325610144319818,0.5994832996431025,-1.5149252684759977,0.233376176249595,0.49389371002233373,-1.3445441527540736,-1.6048615908130879,0.0
1.1402087110158226,-0.7559518342741688,-0.19438399169601564,-1.4245348916942888,0.5435543596305423,0.233376176249595,0.49389371002233373,-1.3445441527540736,-1.6048615908130879,0.0
-1.5318704960065022,0.9301654898927266,-0.19438399169601564,0.5994832996431025,0.5435543596305423,0.233376176249595,0.49389371002233373,0.639405441531937,0.4523355062909473,0.0
-1.5389770896422,-1.0012052632438988,3.059506020559979,-1.4245348916942888,-1.5149252684759977,-1.8607019457738,0.49389371002233373,0.639405441531937,0.4523355062909473,0.0
-0.6151199170015026,0.9301654898927266,-0.19438399169601564,0.5994832996431025,0.5435543596305423,0.233376176249595,0.49389371002233373,-1.3445441527540736,0.4523355062909473,0.0
0.5432548456172182,0.9301654898927266,-0.19438399169601564,0.5994832996431025,0.5435543596305423,0.233376176249595,0.49389371002233373,-1.3445441527540736,-1.6048615908130879,0.0
-1.4679111532852231,-1.5223687998045758,-0.19438399169601564,-1.4245348916942888,0.5435543596305423,0.233376176249595,0.49389371002233373,0.639405441531937,0.4523355062909473,0.0
-1.688215555991851,0.9301654898927266,-0.19438399169601564,0.5994832996431025,0.5435543596305423,0.233376176249595,0.49389371002233373,0.639405441531937,-1.6048615908130879,0.0
-0.2668968288523168,-0.357415012198357,-0.19438399169601564,-1.4245348916942888,0.5435543596305423,0.233376176249595,0.49389371002233373,0.639405441531937,0.4523355062909473,0.0
0.32295044291059005,0.9301654898927266,-0.19438399169601564,0.5994832996431025,0.5435543596305423,1.2804152372612927,0.49389371002233373,0.639405441531937,0.4523355062909473,0.0
-1.3044594996641765,-0.357415012198357,1.4325610144319818,-1.4245348916942888,-1.5149252684759977,-1.8607019457738,-1.4737788307066446,-1.3445441527540736,-1.6048615908130879,0.0
-0.7927847578939441,-0.357415012198357,-0.19438399169601564,-1.4245348916942888,0.5435543596305423,-1.8607019457738,-1.4737788307066446,-1.3445441527540736,0.4523355062909473,0.0
0.5219350647101251,-1.8289355860167387,-0.19438399169601564,-1.4245348916942888,-1.5149252684759977,-1.8607019457738,-1.4737788307066446,-1.3445441527540736,-1.6048615908130879,0.0
-0.885170475158014,0.9301654898927266,-0.19438399169601564,0.5994832996431025,0.5435543596305423,0.233376176249595,0.49389371002233373,0.639405441531937,0.4523355062909473,0.0
0.22345813201082274,-1.8289355860167387,-0.19438399169601564,-1.4245348916942888,-1.5149252684759977,-1.8607019457738,0.49389371002233373,-1.3445441527540736,0.4523355062909473,0.0
-1.162327626950223,0.010465131256238313,-0.19438399169601564,-1.4245348916942888,0.5435543596305423,0.233376176249595,0.49389371002233373,0.639405441531937,0.4523355062909473,0.0
-1.7308551178060367,0.9301654898927266,-0.19438399169601564,0.5994832996431025,0.5435543596305423,1.2804152372612927,0.49389371002233373,-1.3445441527540736,0.4523355062909473,0.0
-0.0750188006884796,0.7768820967866453,-0.19438399169601564,-1.4245348916942888,0.5435543596305423,1.2804152372612927,0.49389371002233373,0.639405441531937,0.4523355062909473,0.0
-1.6313628069062693,0.9301654898927266,-0.19438399169601564,0.5994832996431025,0.5435543596305423,0.233376176249595,0.49389371002233373,0.639405441531937,0.4523355062909473,0.0
0.1808185701966369,0.0717784884986709,-0.19438399169601564,0.5994832996431025,0.5435543596305423,1.2804152372612927,0.49389371002233373,0.639405441531937,0.4523355062909473,0.0
0.7067064992382645,0.9301654898927266,-0.19438399169601564,0.5994832996431025,0.5435543596305423,0.233376176249595,0.49389371002233373,0.639405441531937,0.4523355062909473,0.0
-0.8141045388010372,0.22506188160475216,-0.19438399169601564,0.5994832996431025,0.5435543596305423,1.2804152372612927,0.49389371002233373,-1.3445441527540736,-1.6048615908130879,0.0
-1.425271591471037,-0.786608512895385,1.4325610144319818,-1.4245348916942888,-1.5149252684759977,0.233376176249595,0.49389371002233373,-1.3445441527540736,0.4523355062909473,0.0
-0.7146122279012699,0.9301654898927266,-0.19438399169601564,-1.4245348916942888,0.5435543596305423,0.233376176249595,0.49389371002233373,0.639405441531937,1.4809340548429653,1.0
-1.6953221496275483,0.9301654898927266,-0.19438399169601564,0.5994832996431025,0.5435543596305423,0.233376176249595,0.49389371002233373,0.639405441531937,0.4523355062909473,0.0
0.03868669748268338,-1.798278907395522,-0.19438399169601564,-1.4245348916942888,1.5727941736838127,1.2804152372612927,1.4777299803868233,0.639405441531937,0.4523355062909473,0.0
-0.10344517523127016,0.9301654898927266,-0.19438399169601564,0.5994832996431025,0.5435543596305423,0.233376176249595,0.49389371002233373,0.639405441531937,0.4523355062909473,0.0
-1.5105507150994093,-1.3077720494560618,1.4325610144319818,0.5994832996431025,0.5435543596305423,0.233376176249595,0.49389371002233373,0.639405441531937,0.4523355062909473,0.0
-0.6861858533584794,0.9301654898927266,-0.19438399169601564,0.5994832996431025,0.5435543596305423,0.233376176249595,0.49389371002233373,0.639405441531937,0.4523355062909473,0.0
-0.345069358844991,-0.7252951556529524,1.4325610144319818,0.5994832996431025,0.5435543596305423,1.2804152372612927,0.49389371002233373,0.639405441531937,0.4523355062909473,0.0
0.3300570365462879,0.9301654898927266,-0.19438399169601564,-1.4245348916942888,-1.5149252684759977,0.233376176249595,0.49389371002233373,0.639405441531937,0.4523355062909473,0.0
-0.3734957333877815,1.267388954726106,-1.821328997824013,-1.4245348916942888,-1.5149252684759977,-1.8607019457738,0.49389371002233373,0.639405441531937,0.4523355062909473,0.0
-1.5816166514563859,0.9301654898927266,-0.19438399169601564,0.5994832996431025,0.5435543596305423,1.2804152372612927,1.4777299803868233,0.639405441531937,0.4523355062909473,0.0
-1.1765408142216187,1.1447622402412407,-1.821328997824013,0.5994832996431025,0.5435543596305423,0.233376176249595,0.49389371002233373,0.639405441531937,0.4523355062909473,0.0
0.3016306620034973,0.19440520298353606,-0.19438399169601564,-0.4125257960255931,-0.4856854544227277,-0.8136628847621025,-0.4899425603421555,-0.3525693556110683,-0.5762630422610703,1.0
-0.821211132436735,0.2557185602259686,3.059506020559979,0.5994832996431025,0.5435543596305423,0.233376176249595,0.49389371002233373,0.639405441531937,0.4523355062909473,0.0
-1.4608045596495254,0.9301654898927266,-0.19438399169601564,1.6114923953117983,0.5435543596305423,1.2804152372612927,0.49389371002233373,0.639405441531937,0.4523355062909473,0.0
1.4528988309865196,0.9301654898927266,-0.19438399169601564,0.5994832996431025,0.5435543596305423,0.233376176249595,0.49389371002233373,0.639405441531937,0.4523355062909473,0.0
-1.361312248749758,-1.3077720494560618,1.4325610144319818,-1.4245348916942888,-1.5149252684759977,-1.8607019457738,-1.4737788307066446,-1.3445441527540736,-1.6048615908130879,0.0
-1.0699419096861535,0.4396586319532664,-0.19438399169601564,0.5994832996431025,0.5435543596305423,0.233376176249595,0.49389371002233373,1.6313802386749423,0.4523355062909473,0.0
-0.9420232242435956,1.1447622402412407,-0.19438399169601564,-1.4245348916942888,0.5435543596305423,0.233376176249595,0.49389371002233373,0.639405441531937,0.4523355062909473,0.0
-1.1339012524074326,1.1447622402412407,-1.821328997824013,-1.4245348916942888,-1.5149252684759977,0.233376176249595,0.49389371002233373,0.639405441531937,0.4523355062909473,0.0
0.3726965983604737,-0.17347494047105944,3.059506020559979,-1.4245348916942888,-1.5149252684759977,-1.8607019457738,-1.4737788307066446,-1.3445441527540736,-1.6048615908130879,0.0
-0.2526836415809213,-0.11216158322862685,1.4325610144319818,-1.4245348916942888,-1.5149252684759977,-1.8607019457738,-1.4737788307066446,-1.3445441527540736,-1.6048615908130879,0.0
-1.5602968705492926,-1.798278907395522,-0.19438399169601564,-1.4245348916942888,-1.5149252684759977,0.233376176249595,-1.4737788307066446,-1.3445441527540736,-1.6048615908130879,0.0
0.5716812201600088,-1.185145334971197,1.4325610144319818,-1.4245348916942888,-1.5149252684759977,-1.8607019457738,-1.4737788307066446,-1.3445441527540736,-1.6048615908130879,0.0
-1.041515535143363,0.6849120609229963,-0.19438399169601564,-1.4245348916942888,0.5435543596305423,0.233376176249595,0.49389371002233373,0.639405441531937,-1.6048615908130879,0.0
-1.5176573087351066,-1.4303987639409268,-0.19438399169601564,-1.4245348916942888,-1.5149252684759977,-1.8607019457738,-1.4737788307066446,0.639405441531937,0.4523355062909473,0.0
0.500615283803032,-1.4610554425621431,-0.19438399169601564,-1.4245348916942888,0.5435543596305423,0.233376176249595,0.49389371002233373,0.639405441531937,0.4523355062909473,0.0
-0.16029792431685144,1.2060755974836728,3.059506020559979,-1.4245348916942888,-1.5149252684759977,0.233376176249595,0.49389371002233373,0.639405441531937,0.4523355062909473,0.0
-1.0983682842289442,-1.3077720494560618,-1.821328997824013,0.5994832996431025,0.5435543596305423,0.233376176249595,0.49389371002233373,0.639405441531937,0.4523355062909473,0.0
0.7138130928739622,-0.4800417266832223,1.4325610144319818,-1.4245348916942888,-1.5149252684759977,-1.8607019457738,-1.4737788307066446,-1.3445441527540736,-1.6048615908130879,0.0
0.19503175746803217,-0.4800417266832223,3.059506020559979,-1.4245348916942888,-1.5149252684759977,-1.8607019457738,-1.4737788307066446,-1.3445441527540736,-1.6048615908130879,0.0
-1.0273023478719674,-0.4800417266832223,1.4325610144319818,-1.4245348916942888,-1.5149252684759977,-1.8607019457738,-1.4737788307066446,-1.3445441527540736,-1.6048615908130879,0.0
0.17371197656093906,-0.4800417266832223,1.4325610144319818,-1.4245348916942888,-1.5149252684759977,0.233376176249595,0.49389371002233373,0.639405441531937,0.4523355062909473,0.0
-0.5440539806445256,-0.4800417266832223,-1.821328997824013,-1.4245348916942888,-1.5149252684759977,-1.8607019457738,-1.4737788307066446,-1.3445441527540736,-1.6048615908130879,0.0
-0.025272645238595747,-0.4800417266832223,-0.19438399169601564,-1.4245348916942888,-1.5149252684759977,-1.8607019457738,-1.4737788307066446,-1.3445441527540736,-1.6048615908130879,0.0
0.1594987892895438,1.0221355257563753,-0.19438399169601564,-1.4245348916942888,-1.5149252684759977,-1.8607019457738,-1.4737788307066446,-1.3445441527540736,-1.6048615908130879,0.0
-1.2547133442142928,-0.41872836944078956,3.059506020559979,-1.4245348916942888,0.5435543596305423,0.233376176249595,0.49389371002233373,0.639405441531937,0.4523355062909473,0.0
1.1544218982872176,0.28637523884718474,-0.19438399169601564,0.5994832996431025,1.5727941736838127,0.233376176249595,-1.4737788307066446,0.639405441531937,-1.6048615908130879,0.0
0.003153729304194996,0.102435167119887,1.4325610144319818,-1.4245348916942888,-1.5149252684759977,-1.8607019457738,-1.4737788307066446,-1.3445441527540736,-1.6048615908130879,0.0
-0.650652885179991,-0.6333251197893037,-1.821328997824013,-1.4245348916942888,0.5435543596305423,0.233376176249595,1.4777299803868233,0.639405441531937,-1.6048615908130879,0.0
0.09553944656826487,-0.5413550839256549,1.4325610144319818,-1.4245348916942888,0.5435543596305423,0.233376176249595,0.49389371002233373,-1.3445441527540736,0.4523355062909473,0.0
-0.8709572878866185,1.2367322761048896,-0.19438399169601564,0.5994832996431025,0.5435543596305423,-1.8607019457738,-1.4737788307066446,-1.3445441527540736,0.4523355062909473,0.0
0.03158010384698555,-0.5413550839256549,-0.19438399169601564,-1.4245348916942888,-1.5149252684759977,-1.8607019457738,-1.4737788307066446,-1.3445441527540736,-1.6048615908130879,0.0
-1.084155096957549,-0.6026684411680875,1.4325610144319818,-1.4245348916942888,-1.5149252684759977,-1.8607019457738,-1.4737788307066446,-1.3445441527540736,-1.6048615908130879,0.0
0.14528560201814852,-1.185145334971197,-0.19438399169601564,-1.4245348916942888,-1.5149252684759977,-1.8607019457738,-1.4737788307066446,-1.3445441527540736,-1.6048615908130879,0.0
0.16660538292524124,-1.185145334971197,-0.19438399169601564,-1.4245348916942888,-1.5149252684759977,-1.8607019457738,-1.4737788307066446,-1.3445441527540736,-1.6048615908130879,0.0
1.6376702655146593,-1.3077720494560618,1.4325610144319818,0.5994832996431025,-1.5149252684759977,0.233376176249595,-1.4737788307066446,1.6313802386749423,0.4523355062909473,0.0
0.9625438701233805,-0.41872836944078956,-0.19438399169601564,0.5994832996431025,0.5435543596305423,0.233376176249595,0.49389371002233373,0.639405441531937,0.4523355062909473,0.0
1.4244724564437294,-1.185145334971197,-0.19438399169601564,-1.4245348916942888,-1.5149252684759977,-1.8607019457738,-1.4737788307066446,-1.3445441527540736,-1.6048615908130879,0.0
1.3107669582725665,-1.185145334971197,-0.19438399169601564,-1.4245348916942888,-1.5149252684759977,-1.8607019457738,-1.4737788307066446,-1.3445441527540736,-1.6048615908130879,0.0
0.15239219565384596,-1.185145334971197,-0.19438399169601564,-1.4245348916942888,-1.5149252684759977,-1.8607019457738,-1.4737788307066446,-1.3445441527540736,-1.6048615908130879,0.0
-0.6435462915442931,0.9301654898927266,-0.19438399169601564,-1.4245348916942888,0.5435543596305423,0.233376176249595,0.49389371002233373,0.639405441531937,0.4523355062909473,0.0
0.12396582111105542,-1.1544886563499803,-0.19438399169601564,-1.4245348916942888,-1.5149252684759977,-1.8607019457738,-1.4737788307066446,-1.3445441527540736,-1.6048615908130879,0.0
-1.4465913723781298,0.9301654898927266,-0.19438399169601564,0.5994832996431025,0.5435543596305423,0.233376176249595,0.49389371002233373,0.639405441531937,0.4523355062909473,0.0
-1.2476067505785953,0.9301654898927266,1.4325610144319818,0.5994832996431025,-1.5149252684759977,0.233376176249595,0.49389371002233373,-1.3445441527540736,-1.6048615908130879,0.0
-1.6384694005419673,0.9301654898927266,1.4325610144319818,-1.4245348916942888,-1.5149252684759977,0.233376176249595,0.49389371002233373,0.639405441531937,0.4523355062909473,0.0
1.3036603646368687,0.22506188160475216,3.059506020559979,0.5994832996431025,0.5435543596305423,0.233376176249595,0.49389371002233373,0.639405441531937,0.4523355062909473,0.0
0.8985845274021016,-0.4800417266832223,-0.19438399169601564,-1.4245348916942888,-1.5149252684759977,-1.8607019457738,-1.4737788307066446,-1.3445441527540736,-1.6048615908130879,0.0
0.2518845065536133,-0.20413161909227553,1.4325610144319818,0.5994832996431025,0.5435543596305423,0.233376176249595,0.49389371002233373,0.639405441531937,1.4809340548429653,1.0
1.6945230146002401,0.9301654898927266,1.4325610144319818,0.5994832996431025,0.5435543596305423,1.2804152372612927,1.4777299803868233,0.639405441531937,0.4523355062909473,0.0
0.45797572198884573,1.3287023119685382,-0.19438399169601564,-1.4245348916942888,0.5435543596305423,0.233376176249595,-0.4899425603421555,0.639405441531937,-1.6048615908130879,0.0
0.2163515383751253,-1.185145334971197,-1.821328997824013,-1.4245348916942888,-1.5149252684759977,-1.8607019457738,-1.4737788307066446,-1.3445441527540736,-1.6048615908130879,0.0
-0.5298407933731304,-0.8479218701378176,-0.19438399169601564,-1.4245348916942888,0.5435543596305423,1.2804152372612927,0.49389371002233373,0.639405441531937,0.4523355062909473,0.0
-1.0344089415076652,-1.1544886563499803,3.059506020559979,-1.4245348916942888,-1.5149252684759977,-1.8607019457738,-1.4737788307066446,-1.3445441527540736,-1.6048615908130879,0.0
0.9483306828519853,-1.1544886563499803,-0.19438399169601564,-1.4245348916942888,0.5435543596305423,-1.8607019457738,0.49389371002233373,0.639405441531937,0.4523355062909473,0.0
-0.19583089249533983,0.9914788471351592,-0.19438399169601564,0.5994832996431025,0.5435543596305423,1.2804152372612927,0.49389371002233373,-1.3445441527540736,-1.6048615908130879,0.0
1.6732032336931477,-0.4800417266832223,-0.19438399169601564,-1.4245348916942888,0.5435543596305423,0.233376176249595,0.49389371002233373,-1.3445441527540736,0.4523355062909473,0.0
-0.3237495779378981,-0.9398919060014663,1.4325610144319818,0.5994832996431025,0.5435543596305423,0.233376176249595,0.49389371002233373,0.639405441531937,0.4523355062909473,0.0
0.6853867183311713,-1.9209056218803873,1.4325610144319818,-1.4245348916942888,-1.5149252684759977,0.233376176249595,1.4777299803868233,0.639405441531937,0.4523355062909473,0.0
1.6518834527860544,-0.6333251197893037,1.4325610144319818,-1.4245348916942888,0.5435543596305423,1.2804152372612927,-1.4737788307066446,0.639405441531937,0.4523355062909473,0.0
-1.3328858742069676,1.1447622402412407,1.4325610144319818,-1.4245348916942888,-1.5149252684759977,0.233376176249595,0.49389371002233373,0.639405441531937,0.4523355062909473,0.0
-1.105474877864642,-1.3077720494560618,1.4325610144319818,-1.4245348916942888,0.5435543596305423,0.233376176249595,1.4777299803868233,-1.3445441527540736,1.4809340548429653,1.0
0.3869097856318694,-0.6333251197893037,-0.19438399169601564,0.5994832996431025,1.5727941736838127,0.233376176249595,-1.4737788307066446,-1.3445441527540736,-1.6048615908130879,0.0
0.39401637926756683,-1.3077720494560618,-0.19438399169601564,-1.4245348916942888,0.5435543596305423,0.233376176249595,0.49389371002233373,-1.3445441527540736,0.4523355062909473,0.0
1.6234570782432642,0.3783452747108338,-0.19438399169601564,0.5994832996431025,0.5435543596305423,0.233376176249595,0.49389371002233373,-1.3445441527540736,0.4523355062909473,0.0
-0.7003990406298745,0.9301654898927266,-0.19438399169601564,0.5994832996431025,0.5435543596305423,0.233376176249595,0.49389371002233373,0.639405441531937,0.4523355062909473,0.0
1.66609664005745,0.19440520298353606,-0.19438399169601564,-1.4245348916942888,-1.5149252684759977,-1.8607019457738,-1.4737788307066446,0.639405441531937,0.4523355062909473,0.0
-0.7501451960797583,-1.3077720494560618,-0.19438399169601564,0.5994832996431025,0.5435543596305423,0.233376176249595,-1.4737788307066446,0.639405441531937,0.4523355062909473,0.0
1.0265032128446594,0.28637523884718474,-0.19438399169601564,-1.4245348916942888,0.5435543596305423,1.2804152372612927,-1.4737788307066446,0.639405441531937,-1.6048615908130879,0.0
1.0122900255732643,-0.357415012198357,-0.19438399169601564,-1.4245348916942888,0.5435543596305423,0.233376176249595,0.49389371002233373,0.639405441531937,0.4523355062909473,0.0
-0.24557704794522348,0.6542553823017802,-1.821328997824013,-1.4245348916942888,-1.5149252684759977,0.233376176249595,1.4777299803868233,0.639405441531937,0.4523355062909473,0.0
0.2589911001893111,0.9914788471351592,-1.821328997824013,0.5994832996431025,0.5435543596305423,0.233376176249595,0.49389371002233373,0.639405441531937,0.4523355062909473,0.0
-0.11765836250266562,1.1447622402412407,-0.19438399169601564,0.5994832996431025,-1.5149252684759977,-1.8607019457738,0.49389371002233373,-1.3445441527540736,0.4523355062909473,0.0
0.9554372764876827,1.1141055616200244,-0.19438399169601564,0.5994832996431025,0.5435543596305423,1.2804152372612927,0.49389371002233373,0.639405441531937,0.4523355062909473,0.0
0.11685922747535758,1.1141055616200244,-0.19438399169601564,0.5994832996431025,1.5727941736838127,1.2804152372612927,1.4777299803868233,0.639405441531937,0.4523355062909473,0.0
-0.06791220705278177,1.1141055616200244,-0.19438399169601564,0.5994832996431025,0.5435543596305423,1.2804152372612927,0.49389371002233373,0.639405441531937,0.4523355062909473,0.0
-0.7856781642582467,1.1141055616200244,-0.19438399169601564,0.5994832996431025,0.5435543596305423,1.2804152372612927,-1.4737788307066446,-1.3445441527540736,-1.6048615908130879,0.0
1.566604329157683,1.1141055616200244,-0.19438399169601564,0.5994832996431025,0.5435543596305423,0.233376176249595,0.49389371002233373,0.639405441531937,0.4523355062909473,0.0
1.5879241100647759,0.868852132650294,-0.19438399169601564,0.5994832996431025,0.5435543596305423,0.233376176249595,0.49389371002233373,0.639405441531937,0.4523355062909473,0.0
0.9980768383018689,0.19440520298353606,-0.19438399169601564,0.5994832996431025,0.5435543596305423,0.233376176249595,0.49389371002233373,0.639405441531937,0.4523355062909473,0.0
-0.8496375069795256,-1.2158020135924128,-0.19438399169601564,0.5994832996431025,0.5435543596305423,0.233376176249595,1.4777299803868233,-1.3445441527540736,-1.6048615908130879,0.0
-0.18161770522394455,0.7462254181654289,-1.821328997824013,0.5994832996431025,0.5435543596305423,0.233376176249595,-1.4737788307066446,-1.3445441527540736,0.4523355062909473,0.0
-1.339992467842665,-0.357415012198357,-0.19438399169601564,-1.4245348916942888,-1.5149252684759977,0.233376176249595,0.49389371002233373,0.639405441531937,1.4809340548429653,1.0
-0.5938001360944095,-1.7676222287743057,-1.821328997824013,0.5994832996431025,0.5435543596305423,0.233376176249595,0.49389371002233373,0.639405441531937,0.4523355062909473,0.0
1.253914209186985,1.1141055616200244,-0.19438399169601564,0.5994832996431025,0.5435543596305423,0.233376176249595,0.49389371002233373,0.639405441531937,1.4809340548429653,1.0
0.266097693825009,1.1141055616200244,-0.19438399169601564,0.5994832996431025,0.5435543596305423,1.2804152372612927,0.49389371002233373,0.639405441531937,0.4523355062909473,0.0
-1.2120737824001069,0.7462254181654289,-1.821328997824013,0.5994832996431025,0.5435543596305423,0.233376176249595,-1.4737788307066446,0.639405441531937,-1.6048615908130879,0.0
1.2254878346441944,-0.5720117625468711,-0.19438399169601564,0.5994832996431025,0.5435543596305423,0.233376176249595,0.49389371002233373,0.639405441531937,0.4523355062909473,0.0
1.708736201871636,-0.5720117625468711,-0.19438399169601564,-1.4245348916942888,0.5435543596305423,0.233376176249595,1.4777299803868233,-1.3445441527540736,0.4523355062909473,0.0
-0.12476495613836307,-0.5720117625468711,-0.19438399169601564,0.5994832996431025,0.5435543596305423,1.2804152372612927,0.49389371002233373,0.639405441531937,0.4523355062909473,0.0
0.6072141883384972,-0.5720117625468711,-0.19438399169601564,0.5994832996431025,1.5727941736838127,0.233376176249595,0.49389371002233373,0.639405441531937,0.4523355062909473,0.0
-0.2811100161237119,-0.5720117625468711,-0.19438399169601564,0.5994832996431025,0.5435543596305423,0.233376176249595,0.49389371002233373,-1.3445441527540736,0.4523355062909473,0.0
0.35848341108907844,-0.5720117625468711,-0.19438399169601564,0.5994832996431025,0.5435543596305423,0.233376176249595,0.49389371002233373,0.639405441531937,0.4523355062909473,0.0
-0.1674045179525491,-0.8172651915166013,1.4325610144319818,-1.4245348916942888,-1.5149252684759977,0.233376176249595,-1.4737788307066446,-1.3445441527540736,0.4523355062909473,0.0
0.7493460610524503,-1.4917121211833593,-0.19438399169601564,1.6114923953117983,0.5435543596305423,1.2804152372612927,0.49389371002233373,0.639405441531937,0.4523355062909473,0.0
-0.9562364115149905,-0.5106984053044387,-1.821328997824013,-1.4245348916942888,-1.5149252684759977,1.2804152372612927,-1.4737788307066446,-1.3445441527540736,0.4523355062909473,0.0
-1.3257792805712696,-1.3077720494560618,-0.19438399169601564,-1.4245348916942888,-1.5149252684759977,0.233376176249595,-1.4737788307066446,-1.3445441527540736,0.4523355062909473,0.0
1.1259955237444272,-1.7676222287743057,-1.821328997824013,0.5994832996431025,0.5435543596305423,0.233376176249595,0.49389371002233373,0.639405441531937,1.4809340548429653,1.0
-0.9633430051506884,0.8995088112715105,-0.19438399169601564,0.5994832996431025,-1.5149252684759977,0.233376176249595,0.49389371002233373,-1.3445441527540736,-1.6048615908130879,0.0
-1.3470990614783627,-1.3384287280772782,-1.821328997824013,0.5994832996431025,0.5435543596305423,1.2804152372612927,0.49389371002233373,0.639405441531937,0.4523355062909473,0.0
0.5077218774387298,-1.8289355860167387,3.059506020559979,-1.4245348916942888,-1.5149252684759977,-1.8607019457738,-1.4737788307066446,-1.3445441527540736,-1.6048615908130879,0.0
-0.9775561924220838,0.9301654898927266,-0.19438399169601564,0.5994832996431025,0.5435543596305423,1.2804152372612927,1.4777299803868233,-1.3445441527540736,-1.6048615908130879,0.0
-1.489230934192316,0.9301654898927266,-0.19438399169601564,-1.4245348916942888,-1.5149252684759977,0.233376176249595,0.49389371002233373,0.639405441531937,-1.6048615908130879,0.0
-1.0770485033218513,0.9301654898927266,-0.19438399169601564,0.5994832996431025,0.5435543596305423,0.233376176249595,1.4777299803868233,-1.3445441527540736,0.4523355062909473,0.0
-0.8993836624294095,0.9301654898927266,-0.19438399169601564,-1.4245348916942888,0.5435543596305423,0.233376176249595,-1.4737788307066446,0.639405441531937,0.4523355062909473,0.0
1.0478229937517525,0.9301654898927266,-0.19438399169601564,0.5994832996431025,0.5435543596305423,0.233376176249595,0.49389371002233373,-1.3445441527540736,0.4523355062909473,0.0
1.3818328946295437,0.9301654898927266,-0.19438399169601564,0.5994832996431025,0.5435543596305423,1.2804152372612927,-1.4737788307066446,0.639405441531937,0.4523355062909473,0.0
0.10264604020396231,0.9301654898927266,-0.19438399169601564,0.5994832996431025,0.5435543596305423,0.233376176249595,0.49389371002233373,-1.3445441527540736,0.4523355062909473,0.0
-1.5816166514563859,0.9301654898927266,-0.19438399169601564,0.5994832996431025,-1.5149252684759977,-1.8607019457738,-1.4737788307066446,0.639405441531937,1.4809340548429653,1.0
0.36559000472477626,0.28637523884718474,-0.19438399169601564,0.5994832996431025,0.5435543596305423,0.233376176249595,0.49389371002233373,0.639405441531937,0.4523355062909473,0.0
0.4508691283531483,-0.8479218701378176,-0.19438399169601564,-1.4245348916942888,0.5435543596305423,0.233376176249595,0.49389371002233373,0.639405441531937,0.4523355062909473,0.0
0.4082295665389621,0.28637523884718474,1.4325610144319818,0.5994832996431025,0.5435543596305423,0.233376176249595,0.49389371002233373,-1.3445441527540736,0.4523355062909473,0.0
-0.8922770687937116,0.9301654898927266,-0.19438399169601564,-1.4245348916942888,0.5435543596305423,0.233376176249595,0.49389371002233373,0.639405441531937,0.4523355062909473,0.0
-1.3542056551140602,-1.8289355860167387,-0.19438399169601564,0.5994832996431025,-1.5149252684759977,0.233376176249595,0.49389371002233373,0.639405441531937,0.4523355062909473,0.0
-0.3521759524806886,-1.5836821570470083,1.4325610144319818,0.5994832996431025,0.5435543596305423,0.233376176249595,0.49389371002233373,0.639405441531937,0.4523355062909473,0.0
-1.6526825878133626,-1.706308871531873,-1.821328997824013,0.5994832996431025,0.5435543596305423,0.233376176249595,0.49389371002233373,0.639405441531937,0.4523355062909473,0.0
-0.46588145065185144,-0.8479218701378176,-0.19438399169601564,-1.4245348916942888,0.5435543596305423,1.2804152372612927,0.49389371002233373,0.639405441531937,-1.6048615908130879,0.0
-0.9135968497008047,1.3593589905897547,1.4325610144319818,-1.4245348916942888,0.5435543596305423,0.233376176249595,0.49389371002233373,0.639405441531937,0.4523355062909473,0.0
-0.9704495987863863,-0.2961016549559246,-0.19438399169601564,0.5994832996431025,0.5435543596305423,0.233376176249595,0.49389371002233373,0.639405441531937,0.4523355062909473,0.0
0.6853867183311713,-1.9209056218803873,1.4325610144319818,0.5994832996431025,0.5435543596305423,0.233376176249595,0.49389371002233373,-1.3445441527540736,0.4523355062909473,0.0
1.5239647673434964,0.9301654898927266,-0.19438399169601564,0.5994832996431025,0.5435543596305423,0.233376176249595,0.49389371002233373,0.639405441531937,0.4523355062909473,0.0
-0.2100440797667353,0.9301654898927266,-0.19438399169601564,0.5994832996431025,-1.5149252684759977,0.233376176249595,0.49389371002233373,0.639405441531937,-1.6048615908130879,0.0
1.6092438909718685,-1.6756521929106574,-0.19438399169601564,0.5994832996431025,0.5435543596305423,0.233376176249595,0.49389371002233373,0.639405441531937,0.4523355062909473,0.0
-1.4110584041996415,-0.357415012198357,-0.19438399169601564,0.5994832996431025,0.5435543596305423,0.233376176249595,0.49389371002233373,-1.3445441527540736,0.4523355062909473,0.0
0.28031088109640423,0.9301654898927266,-0.19438399169601564,0.5994832996431025,0.5435543596305423,0.233376176249595,0.49389371002233373,-1.3445441527540736,0.4523355062909473,0.0
0.2589911001893111,-1.0625186204863315,-0.19438399169601564,0.5994832996431025,0.5435543596305423,1.2804152372612927,0.49389371002233373,-1.3445441527540736,1.4809340548429653,1.0
-1.276033125121386,-0.5106984053044387,-0.19438399169601564,0.5994832996431025,0.5435543596305423,-1.8607019457738,-1.4737788307066446,0.639405441531937,1.4809340548429653,1.0
0.8275185910451248,-0.38807169081957327,-0.19438399169601564,0.5994832996431025,0.5435543596305423,0.233376176249595,0.49389371002233373,0.639405441531937,0.4523355062909473,0.0
0.848838371952218,-0.7559518342741688,1.4325610144319818,-1.4245348916942888,-1.5149252684759977,-1.8607019457738,-1.4737788307066446,-1.3445441527540736,-1.6048615908130879,0.0
1.1331021173801246,-1.0625186204863315,-0.19438399169601564,0.5994832996431025,0.5435543596305423,1.2804152372612927,-1.4737788307066446,-1.3445441527540736,0.4523355062909473,0.0
-1.65978918144906,-1.0625186204863315,-0.19438399169601564,-1.4245348916942888,-1.5149252684759977,-1.8607019457738,0.49389371002233373,0.639405441531937,1.4809340548429653,1.0
0.8843713401307063,-1.0625186204863315,-0.19438399169601564,0.5994832996431025,1.5727941736838127,-1.8607019457738,-1.4737788307066446,0.639405441531937,-1.6048615908130879,0.0
0.5503614392529156,-1.9209056218803873,1.4325610144319818,0.5994832996431025,-1.5149252684759977,-1.8607019457738,-1.4737788307066446,0.639405441531937,-1.6048615908130879,0.0
0.6924933119668691,0.19440520298353606,-0.19438399169601564,0.5994832996431025,1.5727941736838127,0.233376176249595,0.49389371002233373,0.639405441531937,-1.6048615908130879,0.0
0.8133054037737296,0.9301654898927266,-0.19438399169601564,0.5994832996431025,0.5435543596305423,0.233376176249595,0.49389371002233373,0.639405441531937,1.4809340548429653,1.0
-0.3024297970308048,-1.9209056218803873,1.4325610144319818,0.5994832996431025,-1.5149252684759977,0.233376176249595,-1.4737788307066446,0.639405441531937,-1.6048615908130879,0.0
0.23056472564652056,-1.9209056218803873,1.4325610144319818,0.5994832996431025,-1.5149252684759977,-1.8607019457738,-1.4737788307066446,0.639405441531937,-1.6048615908130879,0.0
0.24477791291791584,0.9301654898927266,-0.19438399169601564,0.5994832996431025,0.5435543596305423,0.233376176249595,0.49389371002233373,0.639405441531937,0.4523355062909473,0.0
0.5787878137957062,-1.3077720494560618,-0.19438399169601564,-1.4245348916942888,-1.5149252684759977,-1.8607019457738,-1.4737788307066446,-1.3445441527540736,-1.6048615908130879,0.0
-1.4039518105639441,-1.9209056218803873,1.4325610144319818,-1.4245348916942888,-1.5149252684759977,0.233376176249595,0.49389371002233373,-1.3445441527540736,0.4523355062909473,0.0
-1.4608045596495254,0.9301654898927266,-0.19438399169601564,-1.4245348916942888,0.5435543596305423,0.233376176249595,0.49389371002233373,0.639405441531937,0.4523355062909473,0.0
-0.3806023270234792,0.6542553823017802,-0.19438399169601564,0.5994832996431025,0.5435543596305423,0.233376176249595,0.49389371002233373,1.6313802386749423,-1.6048615908130879,0.0
-1.475017746920921,0.7155687395442127,-0.19438399169601564,0.5994832996431025,-1.5149252684759977,0.233376176249595,0.49389371002233373,-1.3445441527540736,0.4523355062909473,0.0
0.08843285293256703,0.6542553823017802,-0.19438399169601564,0.5994832996431025,-1.5149252684759977,-1.8607019457738,-1.4737788307066446,-0.3525693556110683,0.4523355062909473,0.0
-0.14608473704545616,0.6542553823017802,-0.19438399169601564,0.5994832996431025,1.5727941736838127,0.233376176249595,-1.4737788307066446,-1.3445441527540736,-1.6048615908130879,0.0
-0.4019221079305725,-1.2464586922136294,1.4325610144319818,0.5994832996431025,-0.4856854544227277,1.2804152372612927,0.49389371002233373,1.6313802386749423,0.4523355062909473,0.0
-0.153191330681154,-0.357415012198357,-1.821328997824013,0.5994832996431025,0.5435543596305423,0.233376176249595,-1.4737788307066446,0.639405441531937,-1.6048615908130879,0.0
0.9909702446661711,1.1447622402412407,-0.19438399169601564,-1.4245348916942888,0.5435543596305423,1.2804152372612927,-1.4737788307066446,0.639405441531937,-1.6048615908130879,0.0
-1.013089160600572,0.6542553823017802,1.4325610144319818,-1.4245348916942888,0.5435543596305423,0.233376176249595,-1.4737788307066446,-0.3525693556110683,-1.6048615908130879,0.0
1.7016296082359383,-1.3077720494560618,-0.19438399169601564,0.5994832996431025,0.5435543596305423,0.233376176249595,0.49389371002233373,0.639405441531937,0.4523355062909473,0.0
-0.3095363906665026,0.6542553823017802,1.4325610144319818,-1.4245348916942888,0.5435543596305423,-1.8607019457738,-1.4737788307066446,0.639405441531937,0.4523355062909473,0.0
1.2041680537371013,0.16374852436231957,3.059506020559979,0.5994832996431025,0.5435543596305423,1.2804152372612927,1.4777299803868233,1.6313802386749423,1.4809340548429653,1.0
1.722949389143031,0.9301654898927266,-0.19438399169601564,0.5994832996431025,0.5435543596305423,1.2804152372612927,0.49389371002233373,0.639405441531937,0.4523355062909473,0.0
1.7158427955073337,0.9301654898927266,-0.19438399169601564,1.6114923953117983,1.5727941736838127,0.233376176249595,0.49389371002233373,0.639405441531937,0.4523355062909473,0.0
-0.23847045430952585,0.9301654898927266,-0.19438399169601564,0.5994832996431025,0.5435543596305423,0.233376176249595,0.49389371002233373,0.639405441531937,0.4523355062909473,0.0
1.019396619208962,-0.8479218701378176,-0.19438399169601564,0.5994832996431025,0.5435543596305423,0.233376176249595,0.49389371002233373,0.639405441531937,1.4809340548429653,1.0
-0.387708920659177,0.28637523884718474,-1.821328997824013,0.5994832996431025,1.5727941736838127,-1.8607019457738,-1.4737788307066446,0.639405441531937,0.4523355062909473,0.0
1.3534065200867524,0.28637523884718474,-1.821328997824013,0.5994832996431025,1.5727941736838127,0.233376176249595,-1.4737788307066446,0.639405441531937,-1.6048615908130879,0.0
0.47218890926024143,-1.98221897912282,-1.821328997824013,0.5994832996431025,0.5435543596305423,0.233376176249595,0.49389371002233373,0.639405441531937,0.4523355062909473,0.0
-1.1836474078573163,-0.357415012198357,-0.19438399169601564,0.5994832996431025,0.5435543596305423,-1.8607019457738,0.49389371002233373,-1.3445441527540736,-1.6048615908130879,0.0
-0.29532320339510715,-0.5106984053044387,-0.19438399169601564,0.5994832996431025,0.5435543596305423,0.233376176249595,1.4777299803868233,-1.3445441527540736,0.4523355062909473,0.0
0.5930010010671019,0.28637523884718474,-1.821328997824013,-1.4245348916942888,0.5435543596305423,-1.8607019457738,0.49389371002233373,-1.3445441527540736,0.4523355062909473,0.0
-1.595829838727781,0.47031531057448245,-0.19438399169601564,0.5994832996431025,0.5435543596305423,-1.8607019457738,0.49389371002233373,0.639405441531937,1.4809340548429653,1.0
-0.8069979451653396,-1.9209056218803873,-0.19438399169601564,0.5994832996431025,0.5435543596305423,-1.8607019457738,-1.4737788307066446,-1.3445441527540736,-1.6048615908130879,0.0
0.23767131928221802,0.28637523884718474,-1.821328997824013,-1.4245348916942888,0.5435543596305423,0.233376176249595,0.49389371002233373,-1.3445441527540736,-1.6048615908130879,0.0
-0.23136386067382841,-0.6333251197893037,-0.19438399169601564,0.5994832996431025,-1.5149252684759977,-1.8607019457738,0.49389371002233373,0.639405441531937,-1.6048615908130879,0.0
-0.4587748570161538,-0.6333251197893037,-0.19438399169601564,1.6114923953117983,-1.5149252684759977,-1.8607019457738,-1.4737788307066446,0.639405441531937,0.4523355062909473,0.0
-0.6719726660870838,0.19440520298353606,-0.19438399169601564,0.5994832996431025,0.5435543596305423,-1.8607019457738,-1.4737788307066446,-1.3445441527540736,0.4523355062909473,0.0
-0.27400342248801424,-0.5106984053044387,1.4325610144319818,-1.4245348916942888,0.5435543596305423,0.233376176249595,0.49389371002233373,0.639405441531937,0.4523355062909473,0.0
1.5026449864364038,-0.5106984053044387,1.4325610144319818,-1.4245348916942888,1.5727941736838127,0.233376176249595,0.49389371002233373,-1.3445441527540736,0.4523355062909473,0.0
-1.0912616905932462,-1.0625186204863315,-0.19438399169601564,0.5994832996431025,-1.5149252684759977,0.233376176249595,0.49389371002233373,0.639405441531937,0.4523355062909473,0.0
0.7919856228666364,0.19440520298353606,-0.19438399169601564,0.5994832996431025,-1.5149252684759977,0.233376176249595,-1.4737788307066446,-1.3445441527540736,0.4523355062909473,0.0
0.045793291118380826,0.6542553823017802,-0.19438399169601564,0.5994832996431025,0.5435543596305423,-1.8607019457738,0.49389371002233373,-1.3445441527540736,0.4523355062909473,0.0
0.3798031919961715,0.6542553823017802,-0.19438399169601564,0.5994832996431025,-0.4856854544227277,-1.8607019457738,-1.4737788307066446,0.639405441531937,-1.6048615908130879,0.0
1.0691427746588458,1.1447622402412407,-0.19438399169601564,0.5994832996431025,0.5435543596305423,0.233376176249595,0.49389371002233373,-1.3445441527540736,0.4523355062909473,0.0
-0.5795869488230142,-1.3077720494560618,-0.19438399169601564,-1.4245348916942888,-1.5149252684759977,-1.8607019457738,0.49389371002233373,0.639405441531937,0.4523355062909473,0.0
0.6001075947027993,0.9301654898927266,-0.19438399169601564,0.5994832996431025,0.5435543596305423,0.233376176249595,0.49389371002233373,-1.3445441527540736,0.4523355062909473,0.0
-0.2882166097594097,0.9301654898927266,-0.19438399169601564,0.5994832996431025,0.5435543596305423,0.233376176249595,0.49389371002233373,0.639405441531937,0.4523355062909473,0.0
1.1615284919229152,0.9301654898927266,-0.19438399169601564,1.6114923953117983,0.5435543596305423,1.2804152372612927,1.4777299803868233,1.6313802386749423,1.4809340548429653,1.0
0.4437625347174505,0.28637523884718474,-0.19438399169601564,-1.4245348916942888,-1.5149252684759977,0.233376176249595,0.49389371002233373,0.639405441531937,0.4523355062909473,0.0
-1.6455759941776649,0.9301654898927266,-0.19438399169601564,0.5994832996431025,0.5435543596305423,0.233376176249595,0.49389371002233373,0.639405441531937,-1.6048615908130879,0.0
1.516858173707799,0.6542553823017802,1.4325610144319818,0.5994832996431025,0.5435543596305423,0.233376176249595,0.49389371002233373,-1.3445441527540736,0.4523355062909473,0.0
1.0407164001160552,0.28637523884718474,-0.19438399169601564,-1.4245348916942888,-1.5149252684759977,-1.8607019457738,-1.4737788307066446,1.6313802386749423,1.4809340548429653,1.0
0.9838636510304737,-1.0625186204863315,-0.19438399169601564,-1.4245348916942888,0.5435543596305423,0.233376176249595,-1.4737788307066446,0.639405441531937,0.4523355062909473,0.0
-1.7166419305346416,-1.6143388356682247,1.4325610144319818,0.5994832996431025,-1.5149252684759977,-1.8607019457738,-1.4737788307066446,-1.3445441527540736,-1.6048615908130879,0.0
-0.3379627652092932,-1.0625186204863315,1.4325610144319818,-1.4245348916942888,-1.5149252684759977,0.233376176249595,0.49389371002233373,0.639405441531937,0.4523355062909473,0.0
0.8346251846808227,-0.5106984053044387,-0.19438399169601564,-1.4245348916942888,0.5435543596305423,0.233376176249595,0.49389371002233373,0.639405441531937,-1.6048615908130879,0.0
1.0975691492016362,1.1447622402412407,-0.19438399169601564,0.5994832996431025,0.5435543596305423,0.233376176249595,0.49389371002233373,0.639405441531937,0.4523355062909473,0.0
-0.48720123155894435,0.19440520298353606,-0.19438399169601564,0.5994832996431025,0.5435543596305423,0.233376176249595,1.4777299803868233,0.639405441531937,1.4809340548429653,1.0
-0.5653737615516188,0.6542553823017802,-0.19438399169601564,-1.4245348916942888,0.5435543596305423,0.233376176249595,0.49389371002233373,-1.3445441527540736,-1.6048615908130879,0.0
-1.2262869696715024,0.19440520298353606,-0.19438399169601564,0.5994832996431025,0.5435543596305423,0.233376176249595,-1.4737788307066446,-1.3445441527540736,-1.6048615908130879,0.0
0.1381790083824507,0.28637523884718474,-0.19438399169601564,1.6114923953117983,1.5727941736838127,1.2804152372612927,-1.4737788307066446,-1.3445441527540736,-1.6048615908130879,0.0
1.6874164209645435,0.6542553823017802,1.4325610144319818,-1.4245348916942888,0.5435543596305423,0.233376176249595,-1.4737788307066446,-1.3445441527540736,-1.6048615908130879,0.0
1.2823405837297757,-0.5106984053044387,1.4325610144319818,-1.4245348916942888,0.5435543596305423,0.233376176249595,-1.4737788307066446,-1.3445441527540736,-1.6048615908130879,0.0
-1.6740023687204555,0.19440520298353606,-0.19438399169601564,0.5994832996431025,0.5435543596305423,-1.8607019457738,-1.4737788307066446,0.639405441531937,0.4523355062909473,0.0
